Link,Shape,Geom1,Geom2,Geom3,Geom4,Barrels,Culvert,Tsect
DSF0,CIRCULAR,0.234,0.000,0.000,0.000,1, , 
DSF1,CIRCULAR,0.234,0.000,0.000,0.000,1, , 
DSF2,CIRCULAR,0.234,0.000,0.000,0.000,1, , 
DSF3,CIRCULAR,0.234,0.000,0.000,0.000,1, , 
DSF4,CIRCULAR,0.234,0.000,0.000,0.000,1, , 
DSF5,CIRCULAR,0.234,0.000,0.000,0.000,1, , 
DSF6,CIRCULAR,0.234,0.000,0.000,0.000,1, , 
DSF7,CIRCULAR,0.234,0.000,0.000,0.000,1, , 
DSF8,CIRCULAR,0.234,0.000,0.000,0.000,1, , 
DSF9,CIRCULAR,0.234,0.000,0.000,0.000,1, , 
DSF10,CIRCULAR,0.234,0.000,0.000,0.000,1, , 
DSF11,CIRCULAR,0.234,0.000,0.000,0.000,1, , 
DSF12,CIRCULAR,0.234,0.000,0.000,0.000,1, , 
DSF13,CIRCULAR,0.234,0.000,0.000,0.000,1, , 
DSF14,CIRCULAR,0.234,0.000,0.000,0.000,1, , 
DSF15,CIRCULAR,0.234,0.000,0.000,0.000,1, , 
DSF16,CIRCULAR,0.234,0.000,0.000,0.000,1, , 
DSF17,CIRCULAR,0.234,0.000,0.000,0.000,1, , 
DSF18,CIRCULAR,0.234,0.000,0.000,0.000,1, , 
DSF19,CIRCULAR,0.234,0.000,0.000,0.000,1, , 
DSF20,CIRCULAR,0.234,0.000,0.000,0.000,1, , 
DSF21,CIRCULAR,0.234,0.000,0.000,0.000,1, , 
DSF22,CIRCULAR,0.234,0.000,0.000,0.000,1, , 
DSF23,CIRCULAR,0.234,0.000,0.000,0.000,1, , 
DSF24,CIRCULAR,0.234,0.000,0.000,0.000,1, , 
TRR25,CIRCULAR,0.300,0.000,0.000,0.000,1, , 
TRR26,CIRCULAR,0.300,0.000,0.000,0.000,1, , 
TRR27,CIRCULAR,0.300,0.000,0.000,0.000,1, , 
TRR28,CIRCULAR,0.300,0.000,0.000,0.000,1, , 
TRR29,CIRCULAR,0.300,0.000,0.000,0.000,1, , 
TRR30,CIRCULAR,0.400,0.000,0.000,0.000,1, , 
TRR31,CIRCULAR,0.400,0.000,0.000,0.000,1, , 
TRR32,CIRCULAR,0.300,0.000,0.000,0.000,1, , 
TRR33,CIRCULAR,0.300,0.000,0.000,0.000,1, , 
TRR34,CIRCULAR,0.300,0.000,0.000,0.000,1, , 
TRR35,CIRCULAR,0.300,0.000,0.000,0.000,1, , 
DSF36,CIRCULAR,0.234,0.000,0.000,0.000,1, , 
DSF37,CIRCULAR,0.234,0.000,0.000,0.000,1, , 
DSF38,CIRCULAR,0.234,0.000,0.000,0.000,1, , 
DSF39,CIRCULAR,0.234,0.000,0.000,0.000,1, , 
TRR40,CIRCULAR,0.300,0.000,0.000,0.000,1, , 
DSF41,CIRCULAR,0.234,0.000,0.000,0.000,1, , 
DSF42,CIRCULAR,0.234,0.000,0.000,0.000,1, , 
CMB43,CIRCULAR,0.297,0.000,0.000,0.000,1, , 
CMB44,CIRCULAR,0.234,0.000,0.000,0.000,1, , 
CMB45,CIRCULAR,0.297,0.000,0.000,0.000,1, , 
CMB46,CIRCULAR,0.297,0.000,0.000,0.000,1, , 
CMB47,CIRCULAR,0.297,0.000,0.000,0.000,1, , 
CMB48,CIRCULAR,0.297,0.000,0.000,0.000,1, , 
CMB49,CIRCULAR,0.600,0.000,0.000,0.000,1, , 
CMB50,CIRCULAR,0.700,0.000,0.000,0.000,1, , 
CMB51,CIRCULAR,0.600,0.000,0.000,0.000,1, , 
CMB52,CIRCULAR,0.600,0.000,0.000,0.000,1, , 
CMB53,CIRCULAR,0.600,0.000,0.000,0.000,1, , 
CMB54,CIRCULAR,0.600,0.000,0.000,0.000,1, , 
CMB55,CIRCULAR,0.600,0.000,0.000,0.000,1, , 
CMB56,CIRCULAR,0.297,0.000,0.000,0.000,1, , 
CMB57,CIRCULAR,0.297,0.000,0.000,0.000,1, , 
CMB58,CIRCULAR,0.297,0.000,0.000,0.000,1, , 
CMB59,CIRCULAR,0.297,0.000,0.000,0.000,1, , 
CMB60,CIRCULAR,0.234,0.000,0.000,0.000,1, , 
CMB61,CIRCULAR,0.297,0.000,0.000,0.000,1, , 
CMB62,CIRCULAR,0.297,0.000,0.000,0.000,1, , 
CMB63,CIRCULAR,0.297,0.000,0.000,0.000,1, , 
CMB64,CIRCULAR,0.234,0.000,0.000,0.000,1, , 
CMB65,CIRCULAR,0.297,0.000,0.000,0.000,1, , 
CMB66,CIRCULAR,0.234,0.000,0.000,0.000,1, , 
CMB67,CIRCULAR,0.600,0.000,0.000,0.000,1, , 
CMB68,CIRCULAR,0.234,0.000,0.000,0.000,1, , 
CMB69,CIRCULAR,0.600,0.000,0.000,0.000,1, , 
CMB70,CIRCULAR,0.600,0.000,0.000,0.000,1, , 
CMB71,CIRCULAR,0.234,0.000,0.000,0.000,1, , 
CMB72,CIRCULAR,0.600,0.000,0.000,0.000,1, , 
CMB73,CIRCULAR,0.234,0.000,0.000,0.000,1, , 
CMB74,CIRCULAR,0.297,0.000,0.000,0.000,1, , 
CMB75,CIRCULAR,0.300,0.000,0.000,0.000,1, , 
CMB76,CIRCULAR,0.250,0.000,0.000,0.000,1, , 
DSF77,CIRCULAR,0.250,0.000,0.000,0.000,1, , 
DSF78,CIRCULAR,0.250,0.000,0.000,0.000,1, , 
DSF79,CIRCULAR,0.250,0.000,0.000,0.000,1, , 
DSF80,CIRCULAR,0.250,0.000,0.000,0.000,1, , 
DSF81,CIRCULAR,0.250,0.000,0.000,0.000,1, , 
DSF82,CIRCULAR,0.250,0.000,0.000,0.000,1, , 
DSF83,CIRCULAR,0.250,0.000,0.000,0.000,1, , 
DSF84,CIRCULAR,0.250,0.000,0.000,0.000,1, , 
DSF85,CIRCULAR,0.235,0.000,0.000,0.000,1, , 
DSF86,CIRCULAR,0.250,0.000,0.000,0.000,1, , 
DSF87,CIRCULAR,0.250,0.000,0.000,0.000,1, , 
DSF88,CIRCULAR,0.250,0.000,0.000,0.000,1, , 
DSF89,CIRCULAR,0.235,0.000,0.000,0.000,1, , 
DSF90,CIRCULAR,0.250,0.000,0.000,0.000,1, , 
DSF91,CIRCULAR,0.250,0.000,0.000,0.000,1, , 
DSF92,CIRCULAR,0.250,0.000,0.000,0.000,1, , 
DSF93,CIRCULAR,0.250,0.000,0.000,0.000,1, , 
DSF94,CIRCULAR,0.250,0.000,0.000,0.000,1, , 
DSF95,CIRCULAR,0.250,0.000,0.000,0.000,1, , 
DSF96,CIRCULAR,0.250,0.000,0.000,0.000,1, , 
DSF97,CIRCULAR,0.250,0.000,0.000,0.000,1, , 
DSF98,CIRCULAR,0.235,0.000,0.000,0.000,1, , 
DSF99,CIRCULAR,0.250,0.000,0.000,0.000,1, , 
DSF100,CIRCULAR,0.250,0.000,0.000,0.000,1, , 
DSF101,CIRCULAR,0.250,0.000,0.000,0.000,1, , 
DSF102,CIRCULAR,0.250,0.000,0.000,0.000,1, , 
DSF103,CIRCULAR,0.250,0.000,0.000,0.000,1, , 
DSF104,CIRCULAR,0.250,0.000,0.000,0.000,1, , 
DSF105,CIRCULAR,0.250,0.000,0.000,0.000,1, , 
DSF106,CIRCULAR,0.250,0.000,0.000,0.000,1, , 
DSF107,CIRCULAR,0.250,0.000,0.000,0.000,1, , 
DSF108,CIRCULAR,0.250,0.000,0.000,0.000,1, , 
DSF109,CIRCULAR,0.250,0.000,0.000,0.000,1, , 
DSF110,CIRCULAR,0.250,0.000,0.000,0.000,1, , 
DSF111,CIRCULAR,0.250,0.000,0.000,0.000,1, , 
DSF112,CIRCULAR,0.250,0.000,0.000,0.000,1, , 
DSF113,CIRCULAR,0.250,0.000,0.000,0.000,1, , 
DSF114,CIRCULAR,0.250,0.000,0.000,0.000,1, , 
DSF115,CIRCULAR,0.250,0.000,0.000,0.000,1, , 
DSF116,CIRCULAR,0.250,0.000,0.000,0.000,1, , 
DSF117,CIRCULAR,0.250,0.000,0.000,0.000,1, , 
DSF118,CIRCULAR,0.250,0.000,0.000,0.000,1, , 
DSF119,CIRCULAR,0.235,0.000,0.000,0.000,1, , 
DSF120,CIRCULAR,0.250,0.000,0.000,0.000,1, , 
DSF121,CIRCULAR,0.250,0.000,0.000,0.000,1, , 
DSF122,CIRCULAR,0.250,0.000,0.000,0.000,1, , 
DSF123,CIRCULAR,0.250,0.000,0.000,0.000,1, , 
DSF124,CIRCULAR,0.250,0.000,0.000,0.000,1, , 
DSF125,CIRCULAR,0.300,0.000,0.000,0.000,1, , 
DSF126,CIRCULAR,0.250,0.000,0.000,0.000,1, , 
DSF127,CIRCULAR,0.300,0.000,0.000,0.000,1, , 
DSF128,CIRCULAR,0.250,0.000,0.000,0.000,1, , 
DSF129,CIRCULAR,0.250,0.000,0.000,0.000,1, , 
DSF130,CIRCULAR,0.250,0.000,0.000,0.000,1, , 
DSF131,CIRCULAR,0.250,0.000,0.000,0.000,1, , 
DSF132,CIRCULAR,0.234,0.000,0.000,0.000,1, , 
DSF133,CIRCULAR,0.234,0.000,0.000,0.000,1, , 
DSF134,CIRCULAR,0.234,0.000,0.000,0.000,1, , 
DSF135,CIRCULAR,0.234,0.000,0.000,0.000,1, , 
DSF136,CIRCULAR,0.234,0.000,0.000,0.000,1, , 
DSF137,CIRCULAR,0.234,0.000,0.000,0.000,1, , 
DSF138,CIRCULAR,0.234,0.000,0.000,0.000,1, , 
DSF139,CIRCULAR,0.234,0.000,0.000,0.000,1, , 
DSF140,CIRCULAR,0.234,0.000,0.000,0.000,1, , 
DSF141,CIRCULAR,0.234,0.000,0.000,0.000,1, , 
DSF142,CIRCULAR,0.234,0.000,0.000,0.000,1, , 
DSF143,CIRCULAR,0.234,0.000,0.000,0.000,1, , 
DSF144,CIRCULAR,0.234,0.000,0.000,0.000,1, , 
DSF145,CIRCULAR,0.234,0.000,0.000,0.000,1, , 
DSF146,CIRCULAR,0.234,0.000,0.000,0.000,1, , 
DSF147,CIRCULAR,0.234,0.000,0.000,0.000,1, , 
DSF148,CIRCULAR,0.234,0.000,0.000,0.000,1, , 
DSF149,CIRCULAR,0.234,0.000,0.000,0.000,1, , 
DSF150,CIRCULAR,0.234,0.000,0.000,0.000,1, , 
DSF151,CIRCULAR,0.234,0.000,0.000,0.000,1, , 
DSF152,CIRCULAR,0.234,0.000,0.000,0.000,1, , 
DSF153,CIRCULAR,0.235,0.000,0.000,0.000,1, , 
DSF154,CIRCULAR,0.235,0.000,0.000,0.000,1, , 
DSF155,CIRCULAR,0.235,0.000,0.000,0.000,1, , 
DSF156,CIRCULAR,0.250,0.000,0.000,0.000,1, , 
DSF157,CIRCULAR,0.234,0.000,0.000,0.000,1, , 
DSF158,CIRCULAR,0.234,0.000,0.000,0.000,1, , 
DSF159,CIRCULAR,0.234,0.000,0.000,0.000,1, , 
DSF160,CIRCULAR,0.234,0.000,0.000,0.000,1, , 
DSF161,CIRCULAR,0.234,0.000,0.000,0.000,1, , 
DSF162,CIRCULAR,0.234,0.000,0.000,0.000,1, , 
DSF163,CIRCULAR,0.234,0.000,0.000,0.000,1, , 
DSF164,CIRCULAR,0.234,0.000,0.000,0.000,1, , 
DSF165,CIRCULAR,0.234,0.000,0.000,0.000,1, , 
DSF166,CIRCULAR,0.234,0.000,0.000,0.000,1, , 
DSF167,CIRCULAR,0.234,0.000,0.000,0.000,1, , 
DSF168,CIRCULAR,0.250,0.000,0.000,0.000,1, , 
DSF169,CIRCULAR,0.250,0.000,0.000,0.000,1, , 
DSF170,CIRCULAR,0.250,0.000,0.000,0.000,1, , 
DSF171,CIRCULAR,0.250,0.000,0.000,0.000,1, , 
DSF172,CIRCULAR,0.250,0.000,0.000,0.000,1, , 
DSF173,CIRCULAR,0.300,0.000,0.000,0.000,1, , 
DSF174,CIRCULAR,0.250,0.000,0.000,0.000,1, , 
DSF175,CIRCULAR,0.300,0.000,0.000,0.000,1, , 
DSF176,CIRCULAR,0.300,0.000,0.000,0.000,1, , 
DSF177,CIRCULAR,0.300,0.000,0.000,0.000,1, , 
DSF178,CIRCULAR,0.300,0.000,0.000,0.000,1, , 
DSF179,CIRCULAR,0.300,0.000,0.000,0.000,1, , 
DSF180,CIRCULAR,0.300,0.000,0.000,0.000,1, , 
DSF181,CIRCULAR,0.300,0.000,0.000,0.000,1, , 
DSF182,CIRCULAR,0.300,0.000,0.000,0.000,1, , 
DSF183,CIRCULAR,0.300,0.000,0.000,0.000,1, , 
DSF184,CIRCULAR,0.300,0.000,0.000,0.000,1, , 
DSF185,CIRCULAR,0.235,0.000,0.000,0.000,1, , 
DSF186,CIRCULAR,0.235,0.000,0.000,0.000,1, , 
DSF187,CIRCULAR,0.235,0.000,0.000,0.000,1, , 
DSF188,CIRCULAR,0.235,0.000,0.000,0.000,1, , 
DSF189,CIRCULAR,0.235,0.000,0.000,0.000,1, , 
DSF190,CIRCULAR,0.235,0.000,0.000,0.000,1, , 
DSF191,CIRCULAR,0.235,0.000,0.000,0.000,1, , 
DSF192,CIRCULAR,0.235,0.000,0.000,0.000,1, , 
DSF193,CIRCULAR,0.235,0.000,0.000,0.000,1, , 
DSF194,CIRCULAR,0.235,0.000,0.000,0.000,1, , 
DSF195,CIRCULAR,0.235,0.000,0.000,0.000,1, , 
DSF196,CIRCULAR,0.235,0.000,0.000,0.000,1, , 
DSF197,CIRCULAR,0.234,0.000,0.000,0.000,1, , 
DSF198,CIRCULAR,0.250,0.000,0.000,0.000,1, , 
DSF199,CIRCULAR,0.250,0.000,0.000,0.000,1, , 
DSF200,CIRCULAR,0.235,0.000,0.000,0.000,1, , 
DSF201,CIRCULAR,0.235,0.000,0.000,0.000,1, , 
DSF202,CIRCULAR,0.250,0.000,0.000,0.000,1, , 
DSF203,CIRCULAR,0.250,0.000,0.000,0.000,1, , 
DSF204,CIRCULAR,0.250,0.000,0.000,0.000,1, , 
DSF205,CIRCULAR,0.250,0.000,0.000,0.000,1, , 
DSF206,CIRCULAR,0.250,0.000,0.000,0.000,1, , 
DSF207,CIRCULAR,0.250,0.000,0.000,0.000,1, , 
DSF208,CIRCULAR,0.300,0.000,0.000,0.000,1, , 
DSF209,CIRCULAR,0.250,0.000,0.000,0.000,1, , 
DSF210,CIRCULAR,0.250,0.000,0.000,0.000,1, , 
DSF211,CIRCULAR,0.300,0.000,0.000,0.000,1, , 
DSF212,CIRCULAR,0.250,0.000,0.000,0.000,1, , 
DSF213,CIRCULAR,0.250,0.000,0.000,0.000,1, , 
DSF214,CIRCULAR,0.300,0.000,0.000,0.000,1, , 
DSF215,CIRCULAR,0.250,0.000,0.000,0.000,1, , 
DSF216,CIRCULAR,0.300,0.000,0.000,0.000,1, , 
DSF217,CIRCULAR,0.300,0.000,0.000,0.000,1, , 
DSF218,CIRCULAR,0.250,0.000,0.000,0.000,1, , 
DSF219,CIRCULAR,0.300,0.000,0.000,0.000,1, , 
DSF220,CIRCULAR,0.250,0.000,0.000,0.000,1, , 
DSF221,CIRCULAR,0.250,0.000,0.000,0.000,1, , 
DSF222,CIRCULAR,0.250,0.000,0.000,0.000,1, , 
DSF223,CIRCULAR,0.250,0.000,0.000,0.000,1, , 
DSF224,CIRCULAR,0.234,0.000,0.000,0.000,1, , 
DSF225,CIRCULAR,0.234,0.000,0.000,0.000,1, , 
DSF226,CIRCULAR,0.234,0.000,0.000,0.000,1, , 
DSF227,CIRCULAR,0.234,0.000,0.000,0.000,1, , 
DSF228,CIRCULAR,0.234,0.000,0.000,0.000,1, , 
DSF229,CIRCULAR,0.234,0.000,0.000,0.000,1, , 
DSF230,CIRCULAR,0.234,0.000,0.000,0.000,1, , 
DSF231,CIRCULAR,0.234,0.000,0.000,0.000,1, , 
DSF232,CIRCULAR,0.234,0.000,0.000,0.000,1, , 
DSF233,CIRCULAR,0.234,0.000,0.000,0.000,1, , 
DSF234,CIRCULAR,0.234,0.000,0.000,0.000,1, , 
DSF235,CIRCULAR,0.234,0.000,0.000,0.000,1, , 
DSF236,CIRCULAR,0.234,0.000,0.000,0.000,1, , 
DSF237,CIRCULAR,0.300,0.000,0.000,0.000,1, , 
DSF238,CIRCULAR,0.300,0.000,0.000,0.000,1, , 
DSF239,CIRCULAR,0.296,0.000,0.000,0.000,1, , 
DSF240,CIRCULAR,0.296,0.000,0.000,0.000,1, , 
DSF241,CIRCULAR,0.296,0.000,0.000,0.000,1, , 
DSF242,CIRCULAR,0.296,0.000,0.000,0.000,1, , 
DSF243,CIRCULAR,0.296,0.000,0.000,0.000,1, , 
DSF244,CIRCULAR,0.235,0.000,0.000,0.000,1, , 
DSF245,CIRCULAR,0.235,0.000,0.000,0.000,1, , 
DSF246,CIRCULAR,0.235,0.000,0.000,0.000,1, , 
DSF247,CIRCULAR,0.235,0.000,0.000,0.000,1, , 
DSF248,CIRCULAR,0.235,0.000,0.000,0.000,1, , 
DSF249,CIRCULAR,0.235,0.000,0.000,0.000,1, , 
DSF250,CIRCULAR,0.235,0.000,0.000,0.000,1, , 
DSF251,CIRCULAR,0.235,0.000,0.000,0.000,1, , 
DSF252,CIRCULAR,0.235,0.000,0.000,0.000,1, , 
DSF253,CIRCULAR,0.235,0.000,0.000,0.000,1, , 
DSF254,CIRCULAR,0.235,0.000,0.000,0.000,1, , 
DSF255,CIRCULAR,0.235,0.000,0.000,0.000,1, , 
DSF256,CIRCULAR,0.235,0.000,0.000,0.000,1, , 
DSF257,CIRCULAR,0.235,0.000,0.000,0.000,1, , 
DSF258,CIRCULAR,0.235,0.000,0.000,0.000,1, , 
DSF259,CIRCULAR,0.235,0.000,0.000,0.000,1, , 
DSF260,CIRCULAR,0.234,0.000,0.000,0.000,1, , 
DSF261,CIRCULAR,0.234,0.000,0.000,0.000,1, , 
DSF262,CIRCULAR,0.234,0.000,0.000,0.000,1, , 
DSF263,CIRCULAR,0.234,0.000,0.000,0.000,1, , 
DSF264,CIRCULAR,0.234,0.000,0.000,0.000,1, , 
DSF265,CIRCULAR,0.234,0.000,0.000,0.000,1, , 
DSF266,CIRCULAR,0.234,0.000,0.000,0.000,1, , 
DSF267,CIRCULAR,0.234,0.000,0.000,0.000,1, , 
DSF268,CIRCULAR,0.234,0.000,0.000,0.000,1, , 
DSF269,CIRCULAR,0.234,0.000,0.000,0.000,1, , 
DSF270,CIRCULAR,0.234,0.000,0.000,0.000,1, , 
DSF271,CIRCULAR,0.234,0.000,0.000,0.000,1, , 
DSF272,CIRCULAR,0.234,0.000,0.000,0.000,1, , 
DSF273,CIRCULAR,0.234,0.000,0.000,0.000,1, , 
DSF274,CIRCULAR,0.234,0.000,0.000,0.000,1, , 
DSF275,CIRCULAR,0.234,0.000,0.000,0.000,1, , 
DSF276,CIRCULAR,0.234,0.000,0.000,0.000,1, , 
DSF277,CIRCULAR,0.234,0.000,0.000,0.000,1, , 
DSF278,CIRCULAR,0.234,0.000,0.000,0.000,1, , 
DSF279,CIRCULAR,0.234,0.000,0.000,0.000,1, , 
DSF280,CIRCULAR,0.234,0.000,0.000,0.000,1, , 
DSF281,CIRCULAR,0.234,0.000,0.000,0.000,1, , 
DSF282,CIRCULAR,0.234,0.000,0.000,0.000,1, , 
DSF283,CIRCULAR,0.234,0.000,0.000,0.000,1, , 
DSF284,CIRCULAR,0.234,0.000,0.000,0.000,1, , 
DSF285,CIRCULAR,0.234,0.000,0.000,0.000,1, , 
DSF286,CIRCULAR,0.234,0.000,0.000,0.000,1, , 
DSF287,CIRCULAR,0.234,0.000,0.000,0.000,1, , 
DSF288,CIRCULAR,0.234,0.000,0.000,0.000,1, , 
DSF289,CIRCULAR,0.234,0.000,0.000,0.000,1, , 
DSF290,CIRCULAR,0.234,0.000,0.000,0.000,1, , 
DSF291,CIRCULAR,0.234,0.000,0.000,0.000,1, , 
DSF292,CIRCULAR,0.234,0.000,0.000,0.000,1, , 
DSF293,CIRCULAR,0.234,0.000,0.000,0.000,1, , 
DSF294,CIRCULAR,0.234,0.000,0.000,0.000,1, , 
DSF295,CIRCULAR,0.234,0.000,0.000,0.000,1, , 
DSF296,CIRCULAR,0.234,0.000,0.000,0.000,1, , 
DSF297,CIRCULAR,0.234,0.000,0.000,0.000,1, , 
DSF298,CIRCULAR,0.234,0.000,0.000,0.000,1, , 
DSF299,CIRCULAR,0.234,0.000,0.000,0.000,1, , 
DSF300,CIRCULAR,0.234,0.000,0.000,0.000,1, , 
DSF301,CIRCULAR,0.234,0.000,0.000,0.000,1, , 
DSF302,CIRCULAR,0.234,0.000,0.000,0.000,1, , 
DSF303,CIRCULAR,0.234,0.000,0.000,0.000,1, , 
DSF304,CIRCULAR,0.234,0.000,0.000,0.000,1, , 
DSF305,CIRCULAR,0.234,0.000,0.000,0.000,1, , 
DSF306,CIRCULAR,0.234,0.000,0.000,0.000,1, , 
DSF307,CIRCULAR,0.234,0.000,0.000,0.000,1, , 
DSF308,CIRCULAR,0.234,0.000,0.000,0.000,1, , 
DSF309,CIRCULAR,0.234,0.000,0.000,0.000,1, , 
DSF310,CIRCULAR,0.234,0.000,0.000,0.000,1, , 
DSF311,CIRCULAR,0.234,0.000,0.000,0.000,1, , 
DSF312,CIRCULAR,0.234,0.000,0.000,0.000,1, , 
DSF313,CIRCULAR,0.234,0.000,0.000,0.000,1, , 
DSF314,CIRCULAR,0.234,0.000,0.000,0.000,1, , 
DSF315,CIRCULAR,0.234,0.000,0.000,0.000,1, , 
DSF316,CIRCULAR,0.234,0.000,0.000,0.000,1, , 
DSF317,CIRCULAR,0.234,0.000,0.000,0.000,1, , 
DSF318,CIRCULAR,0.234,0.000,0.000,0.000,1, , 
DSF319,CIRCULAR,0.234,0.000,0.000,0.000,1, , 
DSF320,CIRCULAR,0.234,0.000,0.000,0.000,1, , 
DSF321,CIRCULAR,0.234,0.000,0.000,0.000,1, , 
DSF322,CIRCULAR,0.234,0.000,0.000,0.000,1, , 
DSF323,CIRCULAR,0.234,0.000,0.000,0.000,1, , 
DSF324,CIRCULAR,0.234,0.000,0.000,0.000,1, , 
DSF325,CIRCULAR,0.234,0.000,0.000,0.000,1, , 
CMB326,CIRCULAR,0.297,0.000,0.000,0.000,1, , 
CMB327,CIRCULAR,0.297,0.000,0.000,0.000,1, , 
CMB328,CIRCULAR,0.297,0.000,0.000,0.000,1, , 
CMB329,CIRCULAR,0.297,0.000,0.000,0.000,1, , 
CMB330,CIRCULAR,0.297,0.000,0.000,0.000,1, , 
CMB331,CIRCULAR,0.297,0.000,0.000,0.000,1, , 
CMB332,CIRCULAR,0.297,0.000,0.000,0.000,1, , 
CMB333,CIRCULAR,0.297,0.000,0.000,0.000,1, , 
CMB334,CIRCULAR,0.297,0.000,0.000,0.000,1, , 
CMB335,CIRCULAR,0.297,0.000,0.000,0.000,1, , 
CMB336,CIRCULAR,0.297,0.000,0.000,0.000,1, , 
TRR337,CIRCULAR,0.700,0.000,0.000,0.000,1, , 
TRR338,CIRCULAR,0.700,0.000,0.000,0.000,1, , 
TRR339,CIRCULAR,0.700,0.000,0.000,0.000,1, , 
TRR340,CIRCULAR,0.590,0.000,0.000,0.000,1, , 
TRR341,CIRCULAR,0.700,0.000,0.000,0.000,1, , 
TRR342,CIRCULAR,0.700,0.000,0.000,0.000,1, , 
TRR343,CIRCULAR,0.700,0.000,0.000,0.000,1, , 
TRR344,CIRCULAR,0.300,0.000,0.000,0.000,1, , 
TRR345,CIRCULAR,0.300,0.000,0.000,0.000,1, , 
TRR346,CIRCULAR,0.300,0.000,0.000,0.000,1, , 
TRR347,CIRCULAR,0.300,0.000,0.000,0.000,1, , 
TRR348,CIRCULAR,0.300,0.000,0.000,0.000,1, , 
TRR349,CIRCULAR,0.300,0.000,0.000,0.000,1, , 
TRR350,CIRCULAR,0.300,0.000,0.000,0.000,1, , 
TRR351,CIRCULAR,0.300,0.000,0.000,0.000,1, , 
TRR352,CIRCULAR,0.300,0.000,0.000,0.000,1, , 
TRR353,CIRCULAR,0.300,0.000,0.000,0.000,1, , 
TRR354,CIRCULAR,0.300,0.000,0.000,0.000,1, , 
TRR355,CIRCULAR,0.300,0.000,0.000,0.000,1, , 
TRR356,CIRCULAR,0.300,0.000,0.000,0.000,1, , 
TRR357,CIRCULAR,0.300,0.000,0.000,0.000,1, , 
TRR358,CIRCULAR,0.300,0.000,0.000,0.000,1, , 
TRR359,CIRCULAR,0.300,0.000,0.000,0.000,1, , 
TRR360,CIRCULAR,0.300,0.000,0.000,0.000,1, , 
TRR361,CIRCULAR,0.300,0.000,0.000,0.000,1, , 
TRR362,CIRCULAR,0.300,0.000,0.000,0.000,1, , 
TRR363,CIRCULAR,0.300,0.000,0.000,0.000,1, , 
TRR364,CIRCULAR,0.300,0.000,0.000,0.000,1, , 
TRR365,CIRCULAR,0.300,0.000,0.000,0.000,1, , 
TRR366,CIRCULAR,0.300,0.000,0.000,0.000,1, , 
TRR367,CIRCULAR,0.300,0.000,0.000,0.000,1, , 
DSF368,CIRCULAR,0.235,0.000,0.000,0.000,1, , 
TRR369,CIRCULAR,0.300,0.000,0.000,0.000,1, , 
TRR370,CIRCULAR,0.300,0.000,0.000,0.000,1, , 
TRR371,CIRCULAR,0.300,0.000,0.000,0.000,1, , 
DSF372,CIRCULAR,0.235,0.000,0.000,0.000,1, , 
TRR373,CIRCULAR,0.300,0.000,0.000,0.000,1, , 
TRR374,CIRCULAR,0.300,0.000,0.000,0.000,1, , 
TRR375,CIRCULAR,0.300,0.000,0.000,0.000,1, , 
TRR376,CIRCULAR,0.300,0.000,0.000,0.000,1, , 
TRR377,CIRCULAR,0.300,0.000,0.000,0.000,1, , 
TRR378,CIRCULAR,0.300,0.000,0.000,0.000,1, , 
TRR379,CIRCULAR,0.300,0.000,0.000,0.000,1, , 
TRR380,CIRCULAR,0.300,0.000,0.000,0.000,1, , 
DSF381,CIRCULAR,0.250,0.000,0.000,0.000,1, , 
DSF382,CIRCULAR,0.250,0.000,0.000,0.000,1, , 
DSF383,CIRCULAR,0.250,0.000,0.000,0.000,1, , 
DSF384,CIRCULAR,0.250,0.000,0.000,0.000,1, , 
DSF385,CIRCULAR,0.234,0.000,0.000,0.000,1, , 
DSF386,CIRCULAR,0.234,0.000,0.000,0.000,1, , 
DSF387,CIRCULAR,0.234,0.000,0.000,0.000,1, , 
DSF388,CIRCULAR,0.234,0.000,0.000,0.000,1, , 
DSF389,CIRCULAR,0.234,0.000,0.000,0.000,1, , 
DSF390,CIRCULAR,0.234,0.000,0.000,0.000,1, , 
DSF391,CIRCULAR,0.234,0.000,0.000,0.000,1, , 
DSF392,CIRCULAR,0.234,0.000,0.000,0.000,1, , 
DSF393,CIRCULAR,0.234,0.000,0.000,0.000,1, , 
DSF394,CIRCULAR,0.234,0.000,0.000,0.000,1, , 
DSF395,CIRCULAR,0.234,0.000,0.000,0.000,1, , 
DSF396,CIRCULAR,0.234,0.000,0.000,0.000,1, , 
DSF397,CIRCULAR,0.234,0.000,0.000,0.000,1, , 
DSF398,CIRCULAR,0.234,0.000,0.000,0.000,1, , 
DSF399,CIRCULAR,0.234,0.000,0.000,0.000,1, , 
DSF400,CIRCULAR,0.234,0.000,0.000,0.000,1, , 
DSF401,CIRCULAR,0.234,0.000,0.000,0.000,1, , 
DSF402,CIRCULAR,0.234,0.000,0.000,0.000,1, , 
DSF403,CIRCULAR,0.234,0.000,0.000,0.000,1, , 
DSF404,CIRCULAR,0.234,0.000,0.000,0.000,1, , 
DSF405,CIRCULAR,0.234,0.000,0.000,0.000,1, , 
DSF406,CIRCULAR,0.250,0.000,0.000,0.000,1, , 
DSF407,CIRCULAR,0.234,0.000,0.000,0.000,1, , 
DSF408,CIRCULAR,0.250,0.000,0.000,0.000,1, , 
DSF409,CIRCULAR,0.250,0.000,0.000,0.000,1, , 
DSF410,CIRCULAR,0.250,0.000,0.000,0.000,1, , 
DSF411,CIRCULAR,0.250,0.000,0.000,0.000,1, , 
DSF412,CIRCULAR,0.250,0.000,0.000,0.000,1, , 
DSF413,CIRCULAR,0.234,0.000,0.000,0.000,1, , 
DSF414,CIRCULAR,0.234,0.000,0.000,0.000,1, , 
DSF415,CIRCULAR,0.234,0.000,0.000,0.000,1, , 
DSF416,CIRCULAR,0.250,0.000,0.000,0.000,1, , 
DSF417,CIRCULAR,0.250,0.000,0.000,0.000,1, , 
DSF418,CIRCULAR,0.250,0.000,0.000,0.000,1, , 
DSF419,CIRCULAR,0.250,0.000,0.000,0.000,1, , 
DSF420,CIRCULAR,0.250,0.000,0.000,0.000,1, , 
DSF421,CIRCULAR,0.250,0.000,0.000,0.000,1, , 
DSF422,CIRCULAR,0.234,0.000,0.000,0.000,1, , 
DSF423,CIRCULAR,0.234,0.000,0.000,0.000,1, , 
DSF424,CIRCULAR,0.234,0.000,0.000,0.000,1, , 
DSF425,CIRCULAR,0.234,0.000,0.000,0.000,1, , 
DSF426,CIRCULAR,0.234,0.000,0.000,0.000,1, , 
DSF427,CIRCULAR,0.234,0.000,0.000,0.000,1, , 
DSF428,CIRCULAR,0.234,0.000,0.000,0.000,1, , 
DSF429,CIRCULAR,0.234,0.000,0.000,0.000,1, , 
DSF430,CIRCULAR,0.234,0.000,0.000,0.000,1, , 
DSF431,CIRCULAR,0.234,0.000,0.000,0.000,1, , 
DSF432,CIRCULAR,0.234,0.000,0.000,0.000,1, , 
DSF433,CIRCULAR,0.234,0.000,0.000,0.000,1, , 
DSF434,CIRCULAR,0.234,0.000,0.000,0.000,1, , 
DSF435,CIRCULAR,0.234,0.000,0.000,0.000,1, , 
DSF436,CIRCULAR,0.234,0.000,0.000,0.000,1, , 
DSF437,CIRCULAR,0.234,0.000,0.000,0.000,1, , 
DSF438,CIRCULAR,0.234,0.000,0.000,0.000,1, , 
DSF439,CIRCULAR,0.234,0.000,0.000,0.000,1, , 
DSF440,CIRCULAR,0.234,0.000,0.000,0.000,1, , 
DSF441,CIRCULAR,0.234,0.000,0.000,0.000,1, , 
DSF442,CIRCULAR,0.250,0.000,0.000,0.000,1, , 
DSF443,CIRCULAR,0.235,0.000,0.000,0.000,1, , 
DSF444,CIRCULAR,0.250,0.000,0.000,0.000,1, , 
DSF445,CIRCULAR,0.250,0.000,0.000,0.000,1, , 
DSF446,CIRCULAR,0.250,0.000,0.000,0.000,1, , 
DSF447,CIRCULAR,0.250,0.000,0.000,0.000,1, , 
DSF448,CIRCULAR,0.235,0.000,0.000,0.000,1, , 
DSF449,CIRCULAR,0.235,0.000,0.000,0.000,1, , 
DSF450,CIRCULAR,0.234,0.000,0.000,0.000,1, , 
DSF451,CIRCULAR,0.234,0.000,0.000,0.000,1, , 
DSF452,CIRCULAR,0.235,0.000,0.000,0.000,1, , 
DSF453,CIRCULAR,0.234,0.000,0.000,0.000,1, , 
DSF454,CIRCULAR,0.235,0.000,0.000,0.000,1, , 
DSF455,CIRCULAR,0.234,0.000,0.000,0.000,1, , 
DSF456,CIRCULAR,0.235,0.000,0.000,0.000,1, , 
DSF457,CIRCULAR,0.250,0.000,0.000,0.000,1, , 
DSF458,CIRCULAR,0.250,0.000,0.000,0.000,1, , 
DSF459,CIRCULAR,0.250,0.000,0.000,0.000,1, , 
DSF460,CIRCULAR,0.250,0.000,0.000,0.000,1, , 
DSF461,CIRCULAR,0.250,0.000,0.000,0.000,1, , 
DSF462,CIRCULAR,0.250,0.000,0.000,0.000,1, , 
DSF463,CIRCULAR,0.250,0.000,0.000,0.000,1, , 
DSF464,CIRCULAR,0.250,0.000,0.000,0.000,1, , 
DSF465,CIRCULAR,0.250,0.000,0.000,0.000,1, , 
DSF466,CIRCULAR,0.250,0.000,0.000,0.000,1, , 
DSF467,CIRCULAR,0.234,0.000,0.000,0.000,1, , 
DSF468,CIRCULAR,0.234,0.000,0.000,0.000,1, , 
DSF469,CIRCULAR,0.234,0.000,0.000,0.000,1, , 
DSF470,CIRCULAR,0.234,0.000,0.000,0.000,1, , 
DSF471,CIRCULAR,0.234,0.000,0.000,0.000,1, , 
DSF472,CIRCULAR,0.234,0.000,0.000,0.000,1, , 
DSF473,CIRCULAR,0.234,0.000,0.000,0.000,1, , 
DSF474,CIRCULAR,0.234,0.000,0.000,0.000,1, , 
DSF475,CIRCULAR,0.234,0.000,0.000,0.000,1, , 
DSF476,CIRCULAR,0.234,0.000,0.000,0.000,1, , 
DSF477,CIRCULAR,0.234,0.000,0.000,0.000,1, , 
DSF478,CIRCULAR,0.234,0.000,0.000,0.000,1, , 
DSF479,CIRCULAR,0.234,0.000,0.000,0.000,1, , 
DSF480,CIRCULAR,0.250,0.000,0.000,0.000,1, , 
DSF481,CIRCULAR,0.250,0.000,0.000,0.000,1, , 
DSF482,CIRCULAR,0.250,0.000,0.000,0.000,1, , 
DSF483,CIRCULAR,0.250,0.000,0.000,0.000,1, , 
DSF484,CIRCULAR,0.250,0.000,0.000,0.000,1, , 
DSF485,CIRCULAR,0.250,0.000,0.000,0.000,1, , 
DSF486,CIRCULAR,0.250,0.000,0.000,0.000,1, , 
DSF487,CIRCULAR,0.235,0.000,0.000,0.000,1, , 
DSF488,CIRCULAR,0.250,0.000,0.000,0.000,1, , 
DSF489,CIRCULAR,0.234,0.000,0.000,0.000,1, , 
DSF490,CIRCULAR,0.250,0.000,0.000,0.000,1, , 
DSF491,CIRCULAR,0.250,0.000,0.000,0.000,1, , 
DSF492,CIRCULAR,0.250,0.000,0.000,0.000,1, , 
DSF493,CIRCULAR,0.250,0.000,0.000,0.000,1, , 
DSF494,CIRCULAR,0.250,0.000,0.000,0.000,1, , 
DSF495,CIRCULAR,0.250,0.000,0.000,0.000,1, , 
DSF496,CIRCULAR,0.234,0.000,0.000,0.000,1, , 
DSF497,CIRCULAR,0.234,0.000,0.000,0.000,1, , 
DSF498,CIRCULAR,0.234,0.000,0.000,0.000,1, , 
DSF499,CIRCULAR,0.234,0.000,0.000,0.000,1, , 
DSF500,CIRCULAR,0.234,0.000,0.000,0.000,1, , 
DSF501,CIRCULAR,0.234,0.000,0.000,0.000,1, , 
DSF502,CIRCULAR,0.234,0.000,0.000,0.000,1, , 
DSF503,CIRCULAR,0.234,0.000,0.000,0.000,1, , 
DSF504,CIRCULAR,0.234,0.000,0.000,0.000,1, , 
DSF505,CIRCULAR,0.234,0.000,0.000,0.000,1, , 
DSF506,CIRCULAR,0.234,0.000,0.000,0.000,1, , 
DSF507,CIRCULAR,0.234,0.000,0.000,0.000,1, , 
DSF508,CIRCULAR,0.234,0.000,0.000,0.000,1, , 
DSF509,CIRCULAR,0.234,0.000,0.000,0.000,1, , 
DSF510,CIRCULAR,0.234,0.000,0.000,0.000,1, , 
DSF511,CIRCULAR,0.234,0.000,0.000,0.000,1, , 
DSF512,CIRCULAR,0.234,0.000,0.000,0.000,1, , 
DSF513,CIRCULAR,0.234,0.000,0.000,0.000,1, , 
DSF514,CIRCULAR,0.234,0.000,0.000,0.000,1, , 
DSF515,CIRCULAR,0.234,0.000,0.000,0.000,1, , 
DSF516,CIRCULAR,0.234,0.000,0.000,0.000,1, , 
DSF517,CIRCULAR,0.234,0.000,0.000,0.000,1, , 
DSF518,CIRCULAR,0.234,0.000,0.000,0.000,1, , 
DSF519,CIRCULAR,0.234,0.000,0.000,0.000,1, , 
DSF520,CIRCULAR,0.234,0.000,0.000,0.000,1, , 
DSF521,CIRCULAR,0.234,0.000,0.000,0.000,1, , 
DSF522,CIRCULAR,0.234,0.000,0.000,0.000,1, , 
DSF523,CIRCULAR,0.234,0.000,0.000,0.000,1, , 
DSF524,CIRCULAR,0.234,0.000,0.000,0.000,1, , 
DSF525,CIRCULAR,0.250,0.000,0.000,0.000,1, , 
DSF526,CIRCULAR,0.250,0.000,0.000,0.000,1, , 
DSF527,CIRCULAR,0.250,0.000,0.000,0.000,1, , 
DSF528,CIRCULAR,0.250,0.000,0.000,0.000,1, , 
DSF529,CIRCULAR,0.250,0.000,0.000,0.000,1, , 
DSF530,CIRCULAR,0.250,0.000,0.000,0.000,1, , 
DSF531,CIRCULAR,0.250,0.000,0.000,0.000,1, , 
DSF532,CIRCULAR,0.250,0.000,0.000,0.000,1, , 
DSF533,CIRCULAR,0.250,0.000,0.000,0.000,1, , 
DSF534,CIRCULAR,0.234,0.000,0.000,0.000,1, , 
DSF535,CIRCULAR,0.250,0.000,0.000,0.000,1, , 
DSF536,CIRCULAR,0.250,0.000,0.000,0.000,1, , 
DSF537,CIRCULAR,0.250,0.000,0.000,0.000,1, , 
DSF538,CIRCULAR,0.250,0.000,0.000,0.000,1, , 
DSF539,CIRCULAR,0.250,0.000,0.000,0.000,1, , 
DSF540,CIRCULAR,0.250,0.000,0.000,0.000,1, , 
DSF541,CIRCULAR,0.250,0.000,0.000,0.000,1, , 
DSF542,CIRCULAR,0.250,0.000,0.000,0.000,1, , 
DSF543,CIRCULAR,0.250,0.000,0.000,0.000,1, , 
DSF544,CIRCULAR,0.250,0.000,0.000,0.000,1, , 
DSF545,CIRCULAR,0.250,0.000,0.000,0.000,1, , 
DSF546,CIRCULAR,0.250,0.000,0.000,0.000,1, , 
DSF547,CIRCULAR,0.250,0.000,0.000,0.000,1, , 
DSF548,CIRCULAR,0.250,0.000,0.000,0.000,1, , 
DSF549,CIRCULAR,0.234,0.000,0.000,0.000,1, , 
DSF550,CIRCULAR,0.234,0.000,0.000,0.000,1, , 
DSF551,CIRCULAR,0.234,0.000,0.000,0.000,1, , 
DSF552,CIRCULAR,0.234,0.000,0.000,0.000,1, , 
DSF553,CIRCULAR,0.234,0.000,0.000,0.000,1, , 
DSF554,CIRCULAR,0.234,0.000,0.000,0.000,1, , 
DSF555,CIRCULAR,0.234,0.000,0.000,0.000,1, , 
DSF556,CIRCULAR,0.234,0.000,0.000,0.000,1, , 
DSF557,CIRCULAR,0.250,0.000,0.000,0.000,1, , 
DSF558,CIRCULAR,0.250,0.000,0.000,0.000,1, , 
DSF559,CIRCULAR,0.250,0.000,0.000,0.000,1, , 
DSF560,CIRCULAR,0.250,0.000,0.000,0.000,1, , 
DSF561,CIRCULAR,0.234,0.000,0.000,0.000,1, , 
DSF562,CIRCULAR,0.234,0.000,0.000,0.000,1, , 
DSF563,CIRCULAR,0.234,0.000,0.000,0.000,1, , 
DSF564,CIRCULAR,0.234,0.000,0.000,0.000,1, , 
DSF565,CIRCULAR,0.234,0.000,0.000,0.000,1, , 
DSF566,CIRCULAR,0.234,0.000,0.000,0.000,1, , 
DSF567,CIRCULAR,0.234,0.000,0.000,0.000,1, , 
DSF568,CIRCULAR,0.234,0.000,0.000,0.000,1, , 
DSF569,CIRCULAR,0.234,0.000,0.000,0.000,1, , 
DSF570,CIRCULAR,0.234,0.000,0.000,0.000,1, , 
DSF571,CIRCULAR,0.234,0.000,0.000,0.000,1, , 
DSF572,CIRCULAR,0.234,0.000,0.000,0.000,1, , 
DSF573,CIRCULAR,0.234,0.000,0.000,0.000,1, , 
DSF574,CIRCULAR,0.234,0.000,0.000,0.000,1, , 
DSF575,CIRCULAR,0.234,0.000,0.000,0.000,1, , 
DSF576,CIRCULAR,0.234,0.000,0.000,0.000,1, , 
DSF577,CIRCULAR,0.234,0.000,0.000,0.000,1, , 
DSF578,CIRCULAR,0.234,0.000,0.000,0.000,1, , 
DSF579,CIRCULAR,0.234,0.000,0.000,0.000,1, , 
DSF580,CIRCULAR,0.234,0.000,0.000,0.000,1, , 
DSF581,CIRCULAR,0.234,0.000,0.000,0.000,1, , 
DSF582,CIRCULAR,0.234,0.000,0.000,0.000,1, , 
DSF583,CIRCULAR,0.234,0.000,0.000,0.000,1, , 
DSF584,CIRCULAR,0.234,0.000,0.000,0.000,1, , 
DSF585,CIRCULAR,0.234,0.000,0.000,0.000,1, , 
DSF586,CIRCULAR,0.234,0.000,0.000,0.000,1, , 
DSF587,CIRCULAR,0.234,0.000,0.000,0.000,1, , 
DSF588,CIRCULAR,0.234,0.000,0.000,0.000,1, , 
DSF589,CIRCULAR,0.234,0.000,0.000,0.000,1, , 
DSF590,CIRCULAR,0.234,0.000,0.000,0.000,1, , 
DSF591,CIRCULAR,0.234,0.000,0.000,0.000,1, , 
DSF592,CIRCULAR,0.234,0.000,0.000,0.000,1, , 
DSF593,CIRCULAR,0.234,0.000,0.000,0.000,1, , 
DSF594,CIRCULAR,0.234,0.000,0.000,0.000,1, , 
DSF595,CIRCULAR,0.234,0.000,0.000,0.000,1, , 
DSF596,CIRCULAR,0.234,0.000,0.000,0.000,1, , 
DSF597,CIRCULAR,0.234,0.000,0.000,0.000,1, , 
DSF598,CIRCULAR,0.234,0.000,0.000,0.000,1, , 
DSF599,CIRCULAR,0.234,0.000,0.000,0.000,1, , 
TRR600,CIRCULAR,0.300,0.000,0.000,0.000,1, , 
TRR601,CIRCULAR,0.300,0.000,0.000,0.000,1, , 
TRR602,CIRCULAR,0.300,0.000,0.000,0.000,1, , 
TRR603,CIRCULAR,0.300,0.000,0.000,0.000,1, , 
TRR604,CIRCULAR,0.300,0.000,0.000,0.000,1, , 
TRR605,CIRCULAR,0.300,0.000,0.000,0.000,1, , 
TRR606,CIRCULAR,0.400,0.000,0.000,0.000,1, , 
TRR607,CIRCULAR,0.400,0.000,0.000,0.000,1, , 
TRR608,CIRCULAR,0.400,0.000,0.000,0.000,1, , 
TRR609,CIRCULAR,0.400,0.000,0.000,0.000,1, , 
TRR610,CIRCULAR,0.400,0.000,0.000,0.000,1, , 
TRR611,CIRCULAR,0.400,0.000,0.000,0.000,1, , 
TRR612,CIRCULAR,0.400,0.000,0.000,0.000,1, , 
TRR613,CIRCULAR,0.400,0.000,0.000,0.000,1, , 
TRR614,CIRCULAR,0.400,0.000,0.000,0.000,1, , 
TRR615,CIRCULAR,0.400,0.000,0.000,0.000,1, , 
TRR616,CIRCULAR,0.400,0.000,0.000,0.000,1, , 
TRR617,CIRCULAR,0.250,0.000,0.000,0.000,1, , 
TRR618,CIRCULAR,0.400,0.000,0.000,0.000,1, , 
TRR619,CIRCULAR,0.250,0.000,0.000,0.000,1, , 
TRR620,CIRCULAR,0.250,0.000,0.000,0.000,1, , 
TRR621,CIRCULAR,0.300,0.000,0.000,0.000,1, , 
TRR622,CIRCULAR,0.250,0.000,0.000,0.000,1, , 
TRR623,CIRCULAR,0.300,0.000,0.000,0.000,1, , 
TRR624,CIRCULAR,0.250,0.000,0.000,0.000,1, , 
TRR625,CIRCULAR,0.250,0.000,0.000,0.000,1, , 
TRR626,CIRCULAR,0.250,0.000,0.000,0.000,1, , 
TRR627,CIRCULAR,0.250,0.000,0.000,0.000,1, , 
TRR628,CIRCULAR,0.250,0.000,0.000,0.000,1, , 
TRR629,CIRCULAR,0.700,0.000,0.000,0.000,1, , 
TRR630,CIRCULAR,0.700,0.000,0.000,0.000,1, , 
TRR631,CIRCULAR,0.700,0.000,0.000,0.000,1, , 
TRR632,CIRCULAR,0.700,0.000,0.000,0.000,1, , 
TRR633,CIRCULAR,0.700,0.000,0.000,0.000,1, , 
TRR634,CIRCULAR,0.700,0.000,0.000,0.000,1, , 
TRR635,CIRCULAR,0.296,0.000,0.000,0.000,1, , 
DSF636,CIRCULAR,0.234,0.000,0.000,0.000,1, , 
DSF637,CIRCULAR,0.234,0.000,0.000,0.000,1, , 
DSF638,CIRCULAR,0.234,0.000,0.000,0.000,1, , 
DSF639,CIRCULAR,0.234,0.000,0.000,0.000,1, , 
DSF640,CIRCULAR,0.234,0.000,0.000,0.000,1, , 
DSF641,CIRCULAR,0.234,0.000,0.000,0.000,1, , 
DSF642,CIRCULAR,0.234,0.000,0.000,0.000,1, , 
DSF643,CIRCULAR,0.234,0.000,0.000,0.000,1, , 
DSF644,CIRCULAR,0.234,0.000,0.000,0.000,1, , 
DSF645,CIRCULAR,0.234,0.000,0.000,0.000,1, , 
DSF646,CIRCULAR,0.234,0.000,0.000,0.000,1, , 
DSF647,CIRCULAR,0.234,0.000,0.000,0.000,1, , 
DSF648,CIRCULAR,0.234,0.000,0.000,0.000,1, , 
DSF649,CIRCULAR,0.250,0.000,0.000,0.000,1, , 
DSF650,CIRCULAR,0.234,0.000,0.000,0.000,1, , 
DSF651,CIRCULAR,0.234,0.000,0.000,0.000,1, , 
DSF652,CIRCULAR,0.234,0.000,0.000,0.000,1, , 
DSF653,CIRCULAR,0.234,0.000,0.000,0.000,1, , 
DSF654,CIRCULAR,0.234,0.000,0.000,0.000,1, , 
DSF655,CIRCULAR,0.234,0.000,0.000,0.000,1, , 
DSF656,CIRCULAR,0.234,0.000,0.000,0.000,1, , 
DSF657,CIRCULAR,0.234,0.000,0.000,0.000,1, , 
DSF658,CIRCULAR,0.234,0.000,0.000,0.000,1, , 
DSF659,CIRCULAR,0.234,0.000,0.000,0.000,1, , 
TRR660,CIRCULAR,0.700,0.000,0.000,0.000,1, , 
TRR661,CIRCULAR,0.300,0.000,0.000,0.000,1, , 
DSF662,CIRCULAR,0.234,0.000,0.000,0.000,1, , 
DSF663,CIRCULAR,0.234,0.000,0.000,0.000,1, , 
DSF664,CIRCULAR,0.234,0.000,0.000,0.000,1, , 
DSF665,CIRCULAR,0.234,0.000,0.000,0.000,1, , 
DSF666,CIRCULAR,0.234,0.000,0.000,0.000,1, , 
DSF667,CIRCULAR,0.234,0.000,0.000,0.000,1, , 
DSF668,CIRCULAR,0.234,0.000,0.000,0.000,1, , 
DSF669,CIRCULAR,0.234,0.000,0.000,0.000,1, , 
DSF670,CIRCULAR,0.234,0.000,0.000,0.000,1, , 
DSF671,CIRCULAR,0.234,0.000,0.000,0.000,1, , 
DSF672,CIRCULAR,0.234,0.000,0.000,0.000,1, , 
DSF673,CIRCULAR,0.234,0.000,0.000,0.000,1, , 
DSF674,CIRCULAR,0.234,0.000,0.000,0.000,1, , 
DSF675,CIRCULAR,0.234,0.000,0.000,0.000,1, , 
DSF676,CIRCULAR,0.234,0.000,0.000,0.000,1, , 
CMB677,CIRCULAR,0.234,0.000,0.000,0.000,1, , 
CMB678,CIRCULAR,0.234,0.000,0.000,0.000,1, , 
CMB679,CIRCULAR,0.234,0.000,0.000,0.000,1, , 
CMB680,CIRCULAR,0.234,0.000,0.000,0.000,1, , 
DSF681,CIRCULAR,0.297,0.000,0.000,0.000,1, , 
DSF682,CIRCULAR,0.235,0.000,0.000,0.000,1, , 
DSF683,CIRCULAR,0.297,0.000,0.000,0.000,1, , 
DSF684,CIRCULAR,0.297,0.000,0.000,0.000,1, , 
DSF685,CIRCULAR,0.297,0.000,0.000,0.000,1, , 
DSF686,CIRCULAR,0.297,0.000,0.000,0.000,1, , 
DSF687,CIRCULAR,0.297,0.000,0.000,0.000,1, , 
DSF688,CIRCULAR,0.297,0.000,0.000,0.000,1, , 
DSF689,CIRCULAR,0.297,0.000,0.000,0.000,1, , 
DSF690,CIRCULAR,0.297,0.000,0.000,0.000,1, , 
DSF691,CIRCULAR,0.297,0.000,0.000,0.000,1, , 
DSF692,CIRCULAR,0.297,0.000,0.000,0.000,1, , 
DSF693,CIRCULAR,0.297,0.000,0.000,0.000,1, , 
DSF694,CIRCULAR,0.297,0.000,0.000,0.000,1, , 
DSF695,CIRCULAR,0.234,0.000,0.000,0.000,1, , 
CMB696,CIRCULAR,0.234,0.000,0.000,0.000,1, , 
CMB697,CIRCULAR,0.234,0.000,0.000,0.000,1, , 
CMB698,CIRCULAR,0.234,0.000,0.000,0.000,1, , 
CMB699,CIRCULAR,0.234,0.000,0.000,0.000,1, , 
CMB700,CIRCULAR,0.234,0.000,0.000,0.000,1, , 
CMB701,CIRCULAR,0.234,0.000,0.000,0.000,1, , 
TRR702,CIRCULAR,0.590,0.000,0.000,0.000,1, , 
DSF703,CIRCULAR,0.234,0.000,0.000,0.000,1, , 
DSF704,CIRCULAR,0.234,0.000,0.000,0.000,1, , 
DSF705,CIRCULAR,0.234,0.000,0.000,0.000,1, , 
DSF706,CIRCULAR,0.234,0.000,0.000,0.000,1, , 
DSF707,CIRCULAR,0.234,0.000,0.000,0.000,1, , 
DSF708,CIRCULAR,0.234,0.000,0.000,0.000,1, , 
DSF709,CIRCULAR,0.234,0.000,0.000,0.000,1, , 
CMB710,CIRCULAR,0.234,0.000,0.000,0.000,1, , 
CMB711,CIRCULAR,0.234,0.000,0.000,0.000,1, , 
DSF712,CIRCULAR,0.234,0.000,0.000,0.000,1, , 
DSF713,CIRCULAR,0.234,0.000,0.000,0.000,1, , 
DSF714,CIRCULAR,0.234,0.000,0.000,0.000,1, , 
DSF715,CIRCULAR,0.234,0.000,0.000,0.000,1, , 
DSF716,CIRCULAR,0.234,0.000,0.000,0.000,1, , 
DSF717,CIRCULAR,0.234,0.000,0.000,0.000,1, , 
DSF718,CIRCULAR,0.234,0.000,0.000,0.000,1, , 
DSF719,CIRCULAR,0.234,0.000,0.000,0.000,1, , 
DSF720,CIRCULAR,0.234,0.000,0.000,0.000,1, , 
DSF721,CIRCULAR,0.234,0.000,0.000,0.000,1, , 
DSF722,CIRCULAR,0.234,0.000,0.000,0.000,1, , 
TRR723,CIRCULAR,0.300,0.000,0.000,0.000,1, , 
TRR724,CIRCULAR,0.300,0.000,0.000,0.000,1, , 
DSF725,CIRCULAR,0.234,0.000,0.000,0.000,1, , 
DSF726,CIRCULAR,0.234,0.000,0.000,0.000,1, , 
DSF727,CIRCULAR,0.234,0.000,0.000,0.000,1, , 
DSF728,CIRCULAR,0.234,0.000,0.000,0.000,1, , 
DSF729,CIRCULAR,0.234,0.000,0.000,0.000,1, , 
DSF730,CIRCULAR,0.234,0.000,0.000,0.000,1, , 
DSF731,CIRCULAR,0.234,0.000,0.000,0.000,1, , 
DSF732,CIRCULAR,0.234,0.000,0.000,0.000,1, , 
DSF733,CIRCULAR,0.234,0.000,0.000,0.000,1, , 
DSF734,CIRCULAR,0.234,0.000,0.000,0.000,1, , 
DSF735,CIRCULAR,0.234,0.000,0.000,0.000,1, , 
DSF736,CIRCULAR,0.234,0.000,0.000,0.000,1, , 
DSF737,CIRCULAR,0.234,0.000,0.000,0.000,1, , 
DSF738,CIRCULAR,0.234,0.000,0.000,0.000,1, , 
CMB739,CIRCULAR,0.234,0.000,0.000,0.000,1, , 
CMB740,CIRCULAR,0.234,0.000,0.000,0.000,1, , 
DSF741,CIRCULAR,0.234,0.000,0.000,0.000,1, , 
DSF742,CIRCULAR,0.234,0.000,0.000,0.000,1, , 
CMB743,CIRCULAR,0.300,0.000,0.000,0.000,1, , 
CMB744,CIRCULAR,0.300,0.000,0.000,0.000,1, , 
CMB745,CIRCULAR,0.400,0.000,0.000,0.000,1, , 
CMB746,CIRCULAR,0.300,0.000,0.000,0.000,1, , 
CMB747,CIRCULAR,0.300,0.000,0.000,0.000,1, , 
CMB748,CIRCULAR,0.300,0.000,0.000,0.000,1, , 
CMB749,CIRCULAR,0.400,0.000,0.000,0.000,1, , 
CMB750,CIRCULAR,0.400,0.000,0.000,0.000,1, , 
CMB751,CIRCULAR,0.296,0.000,0.000,0.000,1, , 
CMB752,CIRCULAR,0.296,0.000,0.000,0.000,1, , 
CMB753,CIRCULAR,0.376,0.000,0.000,0.000,1, , 
CMB754,CIRCULAR,0.296,0.000,0.000,0.000,1, , 
CMB755,CIRCULAR,0.376,0.000,0.000,0.000,1, , 
CMB756,CIRCULAR,0.500,0.000,0.000,0.000,1, , 
CMB757,CIRCULAR,0.500,0.000,0.000,0.000,1, , 
CMB758,CIRCULAR,0.296,0.000,0.000,0.000,1, , 
CMB759,CIRCULAR,0.296,0.000,0.000,0.000,1, , 
TRR760,CIRCULAR,1.000,0.000,0.000,0.000,1, , 
TRR761,CIRCULAR,1.000,0.000,0.000,0.000,1, , 
TRR762,CIRCULAR,1.000,0.000,0.000,0.000,1, , 
TRR763,CIRCULAR,1.000,0.000,0.000,0.000,1, , 
TRR764,CIRCULAR,1.000,0.000,0.000,0.000,1, , 
TRR765,CIRCULAR,1.500,0.000,0.000,0.000,1, , 
TRR766,CIRCULAR,1.500,0.000,0.000,0.000,1, , 
CMB767,CIRCULAR,0.600,0.000,0.000,0.000,1, , 
TRR768,CIRCULAR,1.800,0.000,0.000,0.000,1, , 
CMB769,CIRCULAR,0.297,0.000,0.000,0.000,1, , 
CMB770,CIRCULAR,0.297,0.000,0.000,0.000,1, , 
CMB771,CIRCULAR,0.297,0.000,0.000,0.000,1, , 
TRR772,CIRCULAR,1.000,0.000,0.000,0.000,1, , 
TRR773,CIRCULAR,1.500,0.000,0.000,0.000,1, , 
CMB774,CIRCULAR,0.296,0.000,0.000,0.000,1, , 
CMB775,CIRCULAR,0.296,0.000,0.000,0.000,1, , 
CMB776,CIRCULAR,0.296,0.000,0.000,0.000,1, , 
CMB777,CIRCULAR,0.296,0.000,0.000,0.000,1, , 
CMB778,CIRCULAR,0.296,0.000,0.000,0.000,1, , 
CMB779,CIRCULAR,0.296,0.000,0.000,0.000,1, , 
CMB780,CIRCULAR,0.296,0.000,0.000,0.000,1, , 
CMB781,CIRCULAR,0.296,0.000,0.000,0.000,1, , 
CMB782,CIRCULAR,0.296,0.000,0.000,0.000,1, , 
CMB783,CIRCULAR,0.296,0.000,0.000,0.000,1, , 
CMB784,CIRCULAR,0.296,0.000,0.000,0.000,1, , 
CMB785,CIRCULAR,0.296,0.000,0.000,0.000,1, , 
CMB786,CIRCULAR,0.500,0.000,0.000,0.000,1, , 
CMB787,CIRCULAR,0.296,0.000,0.000,0.000,1, , 
CMB788,CIRCULAR,0.296,0.000,0.000,0.000,1, , 
CMB789,CIRCULAR,0.296,0.000,0.000,0.000,1, , 
CMB790,CIRCULAR,0.296,0.000,0.000,0.000,1, , 
CMB791,CIRCULAR,0.296,0.000,0.000,0.000,1, , 
CMB792,CIRCULAR,0.500,0.000,0.000,0.000,1, , 
CMB793,CIRCULAR,0.296,0.000,0.000,0.000,1, , 
CMB794,CIRCULAR,0.296,0.000,0.000,0.000,1, , 
CMB795,CIRCULAR,0.500,0.000,0.000,0.000,1, , 
CMB796,CIRCULAR,0.296,0.000,0.000,0.000,1, , 
CMB797,CIRCULAR,0.296,0.000,0.000,0.000,1, , 
CMB798,CIRCULAR,0.500,0.000,0.000,0.000,1, , 
CMB799,CIRCULAR,0.296,0.000,0.000,0.000,1, , 
CMB800,CIRCULAR,0.500,0.000,0.000,0.000,1, , 
CMB801,CIRCULAR,0.600,0.000,0.000,0.000,1, , 
CMB802,CIRCULAR,0.296,0.000,0.000,0.000,1, , 
CMB803,CIRCULAR,0.296,0.000,0.000,0.000,1, , 
CMB804,CIRCULAR,0.500,0.000,0.000,0.000,1, , 
CMB805,CIRCULAR,0.500,0.000,0.000,0.000,1, , 
CMB806,CIRCULAR,0.500,0.000,0.000,0.000,1, , 
CMB807,CIRCULAR,0.500,0.000,0.000,0.000,1, , 
CMB808,CIRCULAR,0.500,0.000,0.000,0.000,1, , 
CMB809,CIRCULAR,0.500,0.000,0.000,0.000,1, , 
CMB810,CIRCULAR,0.296,0.000,0.000,0.000,1, , 
CMB811,CIRCULAR,0.500,0.000,0.000,0.000,1, , 
CMB812,CIRCULAR,0.500,0.000,0.000,0.000,1, , 
CMB813,CIRCULAR,0.500,0.000,0.000,0.000,1, , 
CMB814,CIRCULAR,0.500,0.000,0.000,0.000,1, , 
CMB815,CIRCULAR,0.500,0.000,0.000,0.000,1, , 
CMB816,CIRCULAR,0.500,0.000,0.000,0.000,1, , 
CMB817,CIRCULAR,0.500,0.000,0.000,0.000,1, , 
CMB818,CIRCULAR,0.500,0.000,0.000,0.000,1, , 
CMB819,CIRCULAR,0.500,0.000,0.000,0.000,1, , 
CMB820,CIRCULAR,0.500,0.000,0.000,0.000,1, , 
CMB821,CIRCULAR,0.500,0.000,0.000,0.000,1, , 
CMB822,CIRCULAR,0.500,0.000,0.000,0.000,1, , 
CMB823,CIRCULAR,0.296,0.000,0.000,0.000,1, , 
CMB824,CIRCULAR,0.296,0.000,0.000,0.000,1, , 
CMB825,CIRCULAR,0.376,0.000,0.000,0.000,1, , 
CMB826,CIRCULAR,0.500,0.000,0.000,0.000,1, , 
CMB827,CIRCULAR,0.296,0.000,0.000,0.000,1, , 
CMB828,CIRCULAR,0.296,0.000,0.000,0.000,1, , 
CMB829,CIRCULAR,0.296,0.000,0.000,0.000,1, , 
CMB830,CIRCULAR,0.296,0.000,0.000,0.000,1, , 
CMB831,CIRCULAR,0.300,0.000,0.000,0.000,1, , 
CMB832,CIRCULAR,0.296,0.000,0.000,0.000,1, , 
CMB833,CIRCULAR,0.400,0.000,0.000,0.000,1, , 
CMB834,CIRCULAR,0.400,0.000,0.000,0.000,1, , 
CMB835,CIRCULAR,0.400,0.000,0.000,0.000,1, , 
CMB836,CIRCULAR,0.296,0.000,0.000,0.000,1, , 
CMB837,CIRCULAR,0.300,0.000,0.000,0.000,1, , 
CMB838,CIRCULAR,0.296,0.000,0.000,0.000,1, , 
CMB839,CIRCULAR,0.296,0.000,0.000,0.000,1, , 
CMB840,CIRCULAR,0.296,0.000,0.000,0.000,1, , 
CMB841,CIRCULAR,0.296,0.000,0.000,0.000,1, , 
CMB842,CIRCULAR,0.296,0.000,0.000,0.000,1, , 
CMB843,CIRCULAR,0.296,0.000,0.000,0.000,1, , 
CMB844,CIRCULAR,0.376,0.000,0.000,0.000,1, , 
CMB845,CIRCULAR,0.500,0.000,0.000,0.000,1, , 
CMB846,CIRCULAR,0.296,0.000,0.000,0.000,1, , 
CMB847,CIRCULAR,0.296,0.000,0.000,0.000,1, , 
CMB848,CIRCULAR,0.296,0.000,0.000,0.000,1, , 
CMB849,CIRCULAR,0.296,0.000,0.000,0.000,1, , 
CMB850,CIRCULAR,0.296,0.000,0.000,0.000,1, , 
CMB851,CIRCULAR,0.400,0.000,0.000,0.000,1, , 
CMB852,CIRCULAR,0.296,0.000,0.000,0.000,1, , 
CMB853,CIRCULAR,0.500,0.000,0.000,0.000,1, , 
CMB854,CIRCULAR,0.400,0.000,0.000,0.000,1, , 
CMB855,CIRCULAR,0.500,0.000,0.000,0.000,1, , 
CMB856,CIRCULAR,0.500,0.000,0.000,0.000,1, , 
CMB857,CIRCULAR,0.500,0.000,0.000,0.000,1, , 
CMB858,CIRCULAR,0.500,0.000,0.000,0.000,1, , 
CMB859,CIRCULAR,0.400,0.000,0.000,0.000,1, , 
CMB860,CIRCULAR,0.500,0.000,0.000,0.000,1, , 
CMB861,CIRCULAR,0.400,0.000,0.000,0.000,1, , 
CMB862,CIRCULAR,0.400,0.000,0.000,0.000,1, , 
CMB863,CIRCULAR,0.400,0.000,0.000,0.000,1, , 
CMB864,CIRCULAR,0.500,0.000,0.000,0.000,1, , 
CMB865,CIRCULAR,0.500,0.000,0.000,0.000,1, , 
CMB866,CIRCULAR,0.500,0.000,0.000,0.000,1, , 
CMB867,CIRCULAR,0.500,0.000,0.000,0.000,1, , 
CMB868,CIRCULAR,0.400,0.000,0.000,0.000,1, , 
CMB869,CIRCULAR,0.400,0.000,0.000,0.000,1, , 
CMB870,CIRCULAR,0.400,0.000,0.000,0.000,1, , 
CMB871,CIRCULAR,0.400,0.000,0.000,0.000,1, , 
CMB872,CIRCULAR,0.400,0.000,0.000,0.000,1, , 
CMB873,CIRCULAR,0.400,0.000,0.000,0.000,1, , 
CMB874,CIRCULAR,0.400,0.000,0.000,0.000,1, , 
CMB875,CIRCULAR,0.400,0.000,0.000,0.000,1, , 
CMB876,CIRCULAR,0.400,0.000,0.000,0.000,1, , 
CMB877,CIRCULAR,0.400,0.000,0.000,0.000,1, , 
CMB878,CIRCULAR,0.400,0.000,0.000,0.000,1, , 
CMB879,CIRCULAR,0.400,0.000,0.000,0.000,1, , 
CMB880,CIRCULAR,0.400,0.000,0.000,0.000,1, , 
CMB881,CIRCULAR,0.500,0.000,0.000,0.000,1, , 
CMB882,CIRCULAR,0.500,0.000,0.000,0.000,1, , 
CMB883,CIRCULAR,0.480,0.000,0.000,0.000,1, , 
CMB884,CIRCULAR,0.480,0.000,0.000,0.000,1, , 
CMB885,CIRCULAR,0.500,0.000,0.000,0.000,1, , 
CMB886,CIRCULAR,0.480,0.000,0.000,0.000,1, , 
CMB887,CIRCULAR,0.480,0.000,0.000,0.000,1, , 
CMB888,CIRCULAR,0.480,0.000,0.000,0.000,1, , 
CMB889,CIRCULAR,0.480,0.000,0.000,0.000,1, , 
CMB890,CIRCULAR,0.500,0.000,0.000,0.000,1, , 
CMB891,CIRCULAR,0.376,0.000,0.000,0.000,1, , 
CMB892,CIRCULAR,0.400,0.000,0.000,0.000,1, , 
CMB893,CIRCULAR,0.376,0.000,0.000,0.000,1, , 
CMB894,CIRCULAR,0.376,0.000,0.000,0.000,1, , 
CMB895,CIRCULAR,0.400,0.000,0.000,0.000,1, , 
CMB896,CIRCULAR,0.500,0.000,0.000,0.000,1, , 
CMB897,CIRCULAR,0.296,0.000,0.000,0.000,1, , 
CMB898,CIRCULAR,0.296,0.000,0.000,0.000,1, , 
CMB899,CIRCULAR,0.296,0.000,0.000,0.000,1, , 
CMB900,CIRCULAR,0.296,0.000,0.000,0.000,1, , 
CMB901,CIRCULAR,0.296,0.000,0.000,0.000,1, , 
CMB902,CIRCULAR,0.296,0.000,0.000,0.000,1, , 
CMB903,CIRCULAR,0.296,0.000,0.000,0.000,1, , 
CMB904,CIRCULAR,0.500,0.000,0.000,0.000,1, , 
CMB905,CIRCULAR,0.296,0.000,0.000,0.000,1, , 
CMB906,CIRCULAR,0.297,0.000,0.000,0.000,1, , 
CMB907,CIRCULAR,0.297,0.000,0.000,0.000,1, , 
CMB908,CIRCULAR,0.297,0.000,0.000,0.000,1, , 
CMB909,CIRCULAR,0.400,0.000,0.000,0.000,1, , 
CMB910,CIRCULAR,0.400,0.000,0.000,0.000,1, , 
CMB911,CIRCULAR,0.400,0.000,0.000,0.000,1, , 
CMB912,CIRCULAR,0.400,0.000,0.000,0.000,1, , 
CMB913,CIRCULAR,0.400,0.000,0.000,0.000,1, , 
CMB914,CIRCULAR,0.400,0.000,0.000,0.000,1, , 
CMB915,CIRCULAR,0.400,0.000,0.000,0.000,1, , 
CMB916,CIRCULAR,0.400,0.000,0.000,0.000,1, , 
CMB917,CIRCULAR,0.297,0.000,0.000,0.000,1, , 
CMB918,CIRCULAR,0.500,0.000,0.000,0.000,1, , 
CMB919,CIRCULAR,0.376,0.000,0.000,0.000,1, , 
CMB920,CIRCULAR,0.500,0.000,0.000,0.000,1, , 
CMB921,CIRCULAR,0.500,0.000,0.000,0.000,1, , 
CMB922,CIRCULAR,0.500,0.000,0.000,0.000,1, , 
CMB923,CIRCULAR,0.297,0.000,0.000,0.000,1, , 
CMB924,CIRCULAR,0.296,0.000,0.000,0.000,1, , 
CMB925,CIRCULAR,0.297,0.000,0.000,0.000,1, , 
CMB926,CIRCULAR,0.300,0.000,0.000,0.000,1, , 
CMB927,CIRCULAR,0.297,0.000,0.000,0.000,1, , 
CMB928,CIRCULAR,0.297,0.000,0.000,0.000,1, , 
CMB929,CIRCULAR,0.297,0.000,0.000,0.000,1, , 
CMB930,CIRCULAR,0.297,0.000,0.000,0.000,1, , 
CMB931,CIRCULAR,0.300,0.000,0.000,0.000,1, , 
CMB932,CIRCULAR,0.297,0.000,0.000,0.000,1, , 
CMB933,CIRCULAR,0.297,0.000,0.000,0.000,1, , 
TRR934,CIRCULAR,1.500,0.000,0.000,0.000,1, , 
TRR935,CIRCULAR,1.500,0.000,0.000,0.000,1, , 
TRR936,CIRCULAR,1.500,0.000,0.000,0.000,1, , 
TRR937,CIRCULAR,1.500,0.000,0.000,0.000,1, , 
TRR938,CIRCULAR,1.500,0.000,0.000,0.000,1, , 
TRR939,CIRCULAR,1.500,0.000,0.000,0.000,1, , 
TRR940,CIRCULAR,1.500,0.000,0.000,0.000,1, , 
TRR941,CIRCULAR,1.500,0.000,0.000,0.000,1, , 
TRR942,CIRCULAR,1.500,0.000,0.000,0.000,1, , 
TRR943,CIRCULAR,1.500,0.000,0.000,0.000,1, , 
TRR944,EGG,0.945,0.000,0.000,0.000,1, , 
TRR945,EGG,0.945,0.000,0.000,0.000,1, , 
TRR946,CIRCULAR,0.800,0.000,0.000,0.000,1, , 
TRR947,CIRCULAR,1.000,0.000,0.000,0.000,1, , 
TRR948,CIRCULAR,1.000,0.000,0.000,0.000,1, , 
TRR949,CIRCULAR,1.500,0.000,0.000,0.000,1, , 
TRR950,CIRCULAR,1.200,0.000,0.000,0.000,1, , 
TRR951,CIRCULAR,1.200,0.000,0.000,0.000,1, , 
TRR952,CIRCULAR,1.200,0.000,0.000,0.000,1, , 
CMB953,CIRCULAR,0.296,0.000,0.000,0.000,1, , 
CMB954,CIRCULAR,0.296,0.000,0.000,0.000,1, , 
CMB955,CIRCULAR,0.296,0.000,0.000,0.000,1, , 
CMB956,CIRCULAR,0.296,0.000,0.000,0.000,1, , 
CMB957,CIRCULAR,0.296,0.000,0.000,0.000,1, , 
CMB958,CIRCULAR,0.296,0.000,0.000,0.000,1, , 
CMB959,CIRCULAR,0.296,0.000,0.000,0.000,1, , 
CMB960,CIRCULAR,0.300,0.000,0.000,0.000,1, , 
CMB961,CIRCULAR,0.300,0.000,0.000,0.000,1, , 
CMB962,CIRCULAR,0.300,0.000,0.000,0.000,1, , 
CMB963,CIRCULAR,0.300,0.000,0.000,0.000,1, , 
CMB964,CIRCULAR,0.300,0.000,0.000,0.000,1, , 
CMB965,CIRCULAR,0.300,0.000,0.000,0.000,1, , 
CMB966,CIRCULAR,0.300,0.000,0.000,0.000,1, , 
CMB967,CIRCULAR,0.300,0.000,0.000,0.000,1, , 
CMB968,CIRCULAR,0.300,0.000,0.000,0.000,1, , 
CMB969,CIRCULAR,0.700,0.000,0.000,0.000,1, , 
CMB970,CIRCULAR,0.700,0.000,0.000,0.000,1, , 
CMB971,CIRCULAR,0.700,0.000,0.000,0.000,1, , 
CMB972,CIRCULAR,0.296,0.000,0.000,0.000,1, , 
CMB973,CIRCULAR,0.700,0.000,0.000,0.000,1, , 
CMB974,CIRCULAR,0.296,0.000,0.000,0.000,1, , 
CMB975,CIRCULAR,0.296,0.000,0.000,0.000,1, , 
CMB976,CIRCULAR,0.296,0.000,0.000,0.000,1, , 
CMB977,CIRCULAR,0.376,0.000,0.000,0.000,1, , 
CMB978,CIRCULAR,0.700,0.000,0.000,0.000,1, , 
CMB979,CIRCULAR,0.296,0.000,0.000,0.000,1, , 
CMB980,CIRCULAR,0.296,0.000,0.000,0.000,1, , 
TRR981,CIRCULAR,1.200,0.000,0.000,0.000,1, , 
CMB982,CIRCULAR,0.296,0.000,0.000,0.000,1, , 
CMB983,CIRCULAR,0.300,0.000,0.000,0.000,1, , 
CMB984,CIRCULAR,0.376,0.000,0.000,0.000,1, , 
CMB985,CIRCULAR,0.500,0.000,0.000,0.000,1, , 
CMB986,CIRCULAR,0.400,0.000,0.000,0.000,1, , 
CMB987,CIRCULAR,0.400,0.000,0.000,0.000,1, , 
CMB988,CIRCULAR,0.400,0.000,0.000,0.000,1, , 
CMB989,CIRCULAR,0.400,0.000,0.000,0.000,1, , 
CMB990,CIRCULAR,0.400,0.000,0.000,0.000,1, , 
CMB991,CIRCULAR,0.400,0.000,0.000,0.000,1, , 
CMB992,CIRCULAR,0.400,0.000,0.000,0.000,1, , 
CMB993,CIRCULAR,0.400,0.000,0.000,0.000,1, , 
CMB994,CIRCULAR,0.400,0.000,0.000,0.000,1, , 
CMB995,CIRCULAR,0.593,0.000,0.000,0.000,1, , 
CMB996,CIRCULAR,0.700,0.000,0.000,0.000,1, , 
CMB997,CIRCULAR,0.700,0.000,0.000,0.000,1, , 
CMB998,CIRCULAR,0.700,0.000,0.000,0.000,1, , 
CMB999,CIRCULAR,0.700,0.000,0.000,0.000,1, , 
CMB1000,CIRCULAR,0.375,0.000,0.000,0.000,1, , 
CMB1001,CIRCULAR,0.300,0.000,0.000,0.000,1, , 
CMB1002,CIRCULAR,0.300,0.000,0.000,0.000,1, , 
CMB1003,CIRCULAR,0.300,0.000,0.000,0.000,1, , 
CMB1004,CIRCULAR,0.300,0.000,0.000,0.000,1, , 
CMB1005,CIRCULAR,0.300,0.000,0.000,0.000,1, , 
CMB1006,CIRCULAR,0.296,0.000,0.000,0.000,1, , 
CMB1007,CIRCULAR,0.376,0.000,0.000,0.000,1, , 
CMB1008,CIRCULAR,0.376,0.000,0.000,0.000,1, , 
CMB1009,CIRCULAR,0.300,0.000,0.000,0.000,1, , 
CMB1010,CIRCULAR,0.376,0.000,0.000,0.000,1, , 
CMB1011,CIRCULAR,0.300,0.000,0.000,0.000,1, , 
CMB1012,CIRCULAR,0.300,0.000,0.000,0.000,1, , 
CMB1013,CIRCULAR,0.300,0.000,0.000,0.000,1, , 
CMB1014,CIRCULAR,0.300,0.000,0.000,0.000,1, , 
CMB1015,CIRCULAR,0.400,0.000,0.000,0.000,1, , 
CMB1016,CIRCULAR,0.376,0.000,0.000,0.000,1, , 
CMB1017,CIRCULAR,0.300,0.000,0.000,0.000,1, , 
CMB1018,CIRCULAR,0.300,0.000,0.000,0.000,1, , 
CMB1019,CIRCULAR,0.300,0.000,0.000,0.000,1, , 
CMB1020,CIRCULAR,0.300,0.000,0.000,0.000,1, , 
CMB1021,CIRCULAR,0.300,0.000,0.000,0.000,1, , 
CMB1022,CIRCULAR,0.300,0.000,0.000,0.000,1, , 
CMB1023,CIRCULAR,0.376,0.000,0.000,0.000,1, , 
CMB1024,CIRCULAR,0.300,0.000,0.000,0.000,1, , 
CMB1025,CIRCULAR,0.300,0.000,0.000,0.000,1, , 
CMB1026,CIRCULAR,0.300,0.000,0.000,0.000,1, , 
CMB1027,CIRCULAR,0.700,0.000,0.000,0.000,1, , 
CMB1028,CIRCULAR,0.600,0.000,0.000,0.000,1, , 
CMB1029,CIRCULAR,0.300,0.000,0.000,0.000,1, , 
CMB1030,CIRCULAR,0.300,0.000,0.000,0.000,1, , 
CMB1031,CIRCULAR,0.296,0.000,0.000,0.000,1, , 
CMB1032,CIRCULAR,0.376,0.000,0.000,0.000,1, , 
CMB1033,CIRCULAR,0.500,0.000,0.000,0.000,1, , 
CMB1034,CIRCULAR,0.376,0.000,0.000,0.000,1, , 
CMB1035,CIRCULAR,0.400,0.000,0.000,0.000,1, , 
CMB1036,CIRCULAR,0.400,0.000,0.000,0.000,1, , 
CMB1037,CIRCULAR,0.400,0.000,0.000,0.000,1, , 
CMB1038,CIRCULAR,0.300,0.000,0.000,0.000,1, , 
CMB1039,CIRCULAR,0.300,0.000,0.000,0.000,1, , 
CMB1040,CIRCULAR,0.300,0.000,0.000,0.000,1, , 
CMB1041,CIRCULAR,0.700,0.000,0.000,0.000,1, , 
CMB1042,CIRCULAR,0.700,0.000,0.000,0.000,1, , 
CMB1043,CIRCULAR,0.300,0.000,0.000,0.000,1, , 
CMB1044,CIRCULAR,0.300,0.000,0.000,0.000,1, , 
CMB1045,CIRCULAR,0.300,0.000,0.000,0.000,1, , 
CMB1046,CIRCULAR,0.300,0.000,0.000,0.000,1, , 
CMB1047,CIRCULAR,0.300,0.000,0.000,0.000,1, , 
CMB1048,CIRCULAR,0.300,0.000,0.000,0.000,1, , 
CMB1049,CIRCULAR,0.300,0.000,0.000,0.000,1, , 
CMB1050,CIRCULAR,0.300,0.000,0.000,0.000,1, , 
CMB1051,CIRCULAR,0.300,0.000,0.000,0.000,1, , 
CMB1052,CIRCULAR,0.300,0.000,0.000,0.000,1, , 
CMB1053,CIRCULAR,0.300,0.000,0.000,0.000,1, , 
CMB1054,CIRCULAR,0.300,0.000,0.000,0.000,1, , 
CMB1055,CIRCULAR,0.300,0.000,0.000,0.000,1, , 
CMB1056,CIRCULAR,0.300,0.000,0.000,0.000,1, , 
CMB1057,CIRCULAR,0.300,0.000,0.000,0.000,1, , 
CMB1058,CIRCULAR,0.300,0.000,0.000,0.000,1, , 
CMB1059,CIRCULAR,0.300,0.000,0.000,0.000,1, , 
CMB1060,CIRCULAR,0.400,0.000,0.000,0.000,1, , 
CMB1061,CIRCULAR,0.400,0.000,0.000,0.000,1, , 
CMB1062,CIRCULAR,0.400,0.000,0.000,0.000,1, , 
CMB1063,CIRCULAR,0.400,0.000,0.000,0.000,1, , 
CMB1064,CIRCULAR,0.400,0.000,0.000,0.000,1, , 
CMB1065,CIRCULAR,0.400,0.000,0.000,0.000,1, , 
CMB1066,CIRCULAR,0.376,0.000,0.000,0.000,1, , 
CMB1067,CIRCULAR,0.400,0.000,0.000,0.000,1, , 
CMB1068,CIRCULAR,0.376,0.000,0.000,0.000,1, , 
CMB1069,CIRCULAR,0.400,0.000,0.000,0.000,1, , 
CMB1070,CIRCULAR,0.400,0.000,0.000,0.000,1, , 
CMB1071,CIRCULAR,0.400,0.000,0.000,0.000,1, , 
CMB1072,CIRCULAR,0.400,0.000,0.000,0.000,1, , 
CMB1073,CIRCULAR,0.400,0.000,0.000,0.000,1, , 
CMB1074,CIRCULAR,0.400,0.000,0.000,0.000,1, , 
CMB1075,CIRCULAR,0.400,0.000,0.000,0.000,1, , 
CMB1076,CIRCULAR,0.400,0.000,0.000,0.000,1, , 
CMB1077,CIRCULAR,0.400,0.000,0.000,0.000,1, , 
CMB1078,CIRCULAR,0.375,0.000,0.000,0.000,1, , 
CMB1079,CIRCULAR,0.400,0.000,0.000,0.000,1, , 
CMB1080,CIRCULAR,0.400,0.000,0.000,0.000,1, , 
CMB1081,CIRCULAR,0.400,0.000,0.000,0.000,1, , 
CMB1082,CIRCULAR,0.400,0.000,0.000,0.000,1, , 
CMB1083,CIRCULAR,0.296,0.000,0.000,0.000,1, , 
CMB1084,CIRCULAR,0.376,0.000,0.000,0.000,1, , 
CMB1085,CIRCULAR,0.376,0.000,0.000,0.000,1, , 
CMB1086,CIRCULAR,0.300,0.000,0.000,0.000,1, , 
CMB1087,CIRCULAR,0.300,0.000,0.000,0.000,1, , 
CMB1088,CIRCULAR,0.300,0.000,0.000,0.000,1, , 
CMB1089,CIRCULAR,0.300,0.000,0.000,0.000,1, , 
CMB1090,CIRCULAR,0.300,0.000,0.000,0.000,1, , 
CMB1091,CIRCULAR,0.300,0.000,0.000,0.000,1, , 
CMB1092,CIRCULAR,0.400,0.000,0.000,0.000,1, , 
CMB1093,CIRCULAR,0.400,0.000,0.000,0.000,1, , 
CMB1094,CIRCULAR,0.297,0.000,0.000,0.000,1, , 
CMB1095,CIRCULAR,0.297,0.000,0.000,0.000,1, , 
CMB1096,CIRCULAR,0.297,0.000,0.000,0.000,1, , 
CMB1097,CIRCULAR,0.297,0.000,0.000,0.000,1, , 
CMB1098,CIRCULAR,0.297,0.000,0.000,0.000,1, , 
CMB1099,CIRCULAR,0.300,0.000,0.000,0.000,1, , 
CMB1100,CIRCULAR,0.375,0.000,0.000,0.000,1, , 
CMB1101,CIRCULAR,0.300,0.000,0.000,0.000,1, , 
CMB1102,CIRCULAR,0.300,0.000,0.000,0.000,1, , 
CMB1103,CIRCULAR,0.300,0.000,0.000,0.000,1, , 
CMB1104,CIRCULAR,0.300,0.000,0.000,0.000,1, , 
CMB1105,CIRCULAR,0.375,0.000,0.000,0.000,1, , 
CMB1106,CIRCULAR,0.470,0.000,0.000,0.000,1, , 
CMB1107,CIRCULAR,0.300,0.000,0.000,0.000,1, , 
CMB1108,CIRCULAR,0.300,0.000,0.000,0.000,1, , 
CMB1109,CIRCULAR,0.300,0.000,0.000,0.000,1, , 
CMB1110,CIRCULAR,0.300,0.000,0.000,0.000,1, , 
CMB1111,CIRCULAR,0.300,0.000,0.000,0.000,1, , 
CMB1112,CIRCULAR,0.300,0.000,0.000,0.000,1, , 
CMB1113,CIRCULAR,0.300,0.000,0.000,0.000,1, , 
CMB1114,CIRCULAR,0.296,0.000,0.000,0.000,1, , 
CMB1115,CIRCULAR,0.300,0.000,0.000,0.000,1, , 
CMB1116,CIRCULAR,0.300,0.000,0.000,0.000,1, , 
CMB1117,CIRCULAR,0.300,0.000,0.000,0.000,1, , 
CMB1118,CIRCULAR,0.300,0.000,0.000,0.000,1, , 
CMB1119,CIRCULAR,0.300,0.000,0.000,0.000,1, , 
CMB1120,CIRCULAR,0.296,0.000,0.000,0.000,1, , 
CMB1121,CIRCULAR,0.500,0.000,0.000,0.000,1, , 
CMB1122,CIRCULAR,0.500,0.000,0.000,0.000,1, , 
CMB1123,CIRCULAR,0.296,0.000,0.000,0.000,1, , 
CMB1124,CIRCULAR,0.296,0.000,0.000,0.000,1, , 
CMB1125,CIRCULAR,0.376,0.000,0.000,0.000,1, , 
CMB1126,CIRCULAR,0.500,0.000,0.000,0.000,1, , 
CMB1127,CIRCULAR,0.500,0.000,0.000,0.000,1, , 
CMB1128,CIRCULAR,0.500,0.000,0.000,0.000,1, , 
CMB1129,CIRCULAR,0.500,0.000,0.000,0.000,1, , 
CMB1130,CIRCULAR,0.480,0.000,0.000,0.000,1, , 
CMB1131,CIRCULAR,0.400,0.000,0.000,0.000,1, , 
CMB1132,CIRCULAR,0.400,0.000,0.000,0.000,1, , 
CMB1133,CIRCULAR,0.375,0.000,0.000,0.000,1, , 
CMB1134,CIRCULAR,0.297,0.000,0.000,0.000,1, , 
CMB1135,CIRCULAR,0.297,0.000,0.000,0.000,1, , 
CMB1136,CIRCULAR,0.297,0.000,0.000,0.000,1, , 
CMB1137,CIRCULAR,0.400,0.000,0.000,0.000,1, , 
CMB1138,CIRCULAR,0.400,0.000,0.000,0.000,1, , 
CMB1139,CIRCULAR,0.296,0.000,0.000,0.000,1, , 
CMB1140,CIRCULAR,0.296,0.000,0.000,0.000,1, , 
CMB1141,CIRCULAR,0.296,0.000,0.000,0.000,1, , 
CMB1142,CIRCULAR,0.296,0.000,0.000,0.000,1, , 
CMB1143,CIRCULAR,0.296,0.000,0.000,0.000,1, , 
CMB1144,CIRCULAR,0.296,0.000,0.000,0.000,1, , 
CMB1145,CIRCULAR,0.296,0.000,0.000,0.000,1, , 
CMB1146,CIRCULAR,0.296,0.000,0.000,0.000,1, , 
CMB1147,CIRCULAR,0.296,0.000,0.000,0.000,1, , 
CMB1148,CIRCULAR,0.296,0.000,0.000,0.000,1, , 
CMB1149,CIRCULAR,0.296,0.000,0.000,0.000,1, , 
CMB1150,CIRCULAR,0.500,0.000,0.000,0.000,1, , 
CMB1151,CIRCULAR,0.470,0.000,0.000,0.000,1, , 
CMB1152,CIRCULAR,0.500,0.000,0.000,0.000,1, , 
CMB1153,CIRCULAR,0.500,0.000,0.000,0.000,1, , 
CMB1154,CIRCULAR,0.500,0.000,0.000,0.000,1, , 
CMB1155,CIRCULAR,0.296,0.000,0.000,0.000,1, , 
CMB1156,CIRCULAR,0.500,0.000,0.000,0.000,1, , 
CMB1157,CIRCULAR,0.296,0.000,0.000,0.000,1, , 
CMB1158,CIRCULAR,0.300,0.000,0.000,0.000,1, , 
CMB1159,CIRCULAR,0.296,0.000,0.000,0.000,1, , 
CMB1160,CIRCULAR,0.296,0.000,0.000,0.000,1, , 
CMB1161,CIRCULAR,0.296,0.000,0.000,0.000,1, , 
CMB1162,CIRCULAR,0.296,0.000,0.000,0.000,1, , 
CMB1163,CIRCULAR,0.296,0.000,0.000,0.000,1, , 
CMB1164,CIRCULAR,0.296,0.000,0.000,0.000,1, , 
CMB1165,CIRCULAR,0.296,0.000,0.000,0.000,1, , 
CMB1166,CIRCULAR,0.296,0.000,0.000,0.000,1, , 
CMB1167,CIRCULAR,0.296,0.000,0.000,0.000,1, , 
CMB1168,CIRCULAR,0.296,0.000,0.000,0.000,1, , 
CMB1169,CIRCULAR,0.500,0.000,0.000,0.000,1, , 
CMB1170,CIRCULAR,0.500,0.000,0.000,0.000,1, , 
CMB1171,CIRCULAR,0.297,0.000,0.000,0.000,1, , 
CMB1172,CIRCULAR,0.297,0.000,0.000,0.000,1, , 
CMB1173,CIRCULAR,0.297,0.000,0.000,0.000,1, , 
CMB1174,CIRCULAR,0.297,0.000,0.000,0.000,1, , 
CMB1175,CIRCULAR,0.297,0.000,0.000,0.000,1, , 
CMB1176,CIRCULAR,0.297,0.000,0.000,0.000,1, , 
CMB1177,CIRCULAR,0.500,0.000,0.000,0.000,1, , 
CMB1178,CIRCULAR,0.500,0.000,0.000,0.000,1, , 
CMB1179,CIRCULAR,0.500,0.000,0.000,0.000,1, , 
CMB1180,CIRCULAR,0.500,0.000,0.000,0.000,1, , 
CMB1181,CIRCULAR,0.500,0.000,0.000,0.000,1, , 
CMB1182,CIRCULAR,0.500,0.000,0.000,0.000,1, , 
CMB1183,CIRCULAR,0.500,0.000,0.000,0.000,1, , 
CMB1184,CIRCULAR,0.500,0.000,0.000,0.000,1, , 
CMB1185,CIRCULAR,0.500,0.000,0.000,0.000,1, , 
CMB1186,CIRCULAR,0.700,0.000,0.000,0.000,1, , 
CMB1187,CIRCULAR,0.700,0.000,0.000,0.000,1, , 
CMB1188,CIRCULAR,0.700,0.000,0.000,0.000,1, , 
CMB1189,CIRCULAR,0.700,0.000,0.000,0.000,1, , 
CMB1190,CIRCULAR,0.400,0.000,0.000,0.000,1, , 
CMB1191,CIRCULAR,0.400,0.000,0.000,0.000,1, , 
CMB1192,CIRCULAR,0.400,0.000,0.000,0.000,1, , 
CMB1193,CIRCULAR,0.296,0.000,0.000,0.000,1, , 
CMB1194,CIRCULAR,0.297,0.000,0.000,0.000,1, , 
CMB1195,CIRCULAR,0.296,0.000,0.000,0.000,1, , 
CMB1196,CIRCULAR,0.296,0.000,0.000,0.000,1, , 
CMB1197,CIRCULAR,0.296,0.000,0.000,0.000,1, , 
CMB1198,CIRCULAR,0.400,0.000,0.000,0.000,1, , 
CMB1199,CIRCULAR,0.400,0.000,0.000,0.000,1, , 
CMB1200,CIRCULAR,0.500,0.000,0.000,0.000,1, , 
CMB1201,CIRCULAR,0.500,0.000,0.000,0.000,1, , 
CMB1202,CIRCULAR,0.500,0.000,0.000,0.000,1, , 
CMB1203,CIRCULAR,0.500,0.000,0.000,0.000,1, , 
CMB1204,CIRCULAR,0.400,0.000,0.000,0.000,1, , 
CMB1205,CIRCULAR,0.400,0.000,0.000,0.000,1, , 
CMB1206,CIRCULAR,0.500,0.000,0.000,0.000,1, , 
CMB1207,CIRCULAR,0.470,0.000,0.000,0.000,1, , 
CMB1208,CIRCULAR,0.500,0.000,0.000,0.000,1, , 
CMB1209,CIRCULAR,0.500,0.000,0.000,0.000,1, , 
CMB1210,CIRCULAR,0.500,0.000,0.000,0.000,1, , 
CMB1211,CIRCULAR,0.296,0.000,0.000,0.000,1, , 
CMB1212,CIRCULAR,0.500,0.000,0.000,0.000,1, , 
CMB1213,CIRCULAR,0.296,0.000,0.000,0.000,1, , 
CMB1214,CIRCULAR,0.296,0.000,0.000,0.000,1, , 
CMB1215,CIRCULAR,0.297,0.000,0.000,0.000,1, , 
CMB1216,CIRCULAR,0.296,0.000,0.000,0.000,1, , 
CMB1217,CIRCULAR,0.296,0.000,0.000,0.000,1, , 
CMB1218,CIRCULAR,0.296,0.000,0.000,0.000,1, , 
CMB1219,CIRCULAR,0.400,0.000,0.000,0.000,1, , 
CMB1220,CIRCULAR,0.400,0.000,0.000,0.000,1, , 
CMB1221,CIRCULAR,0.296,0.000,0.000,0.000,1, , 
CMB1222,CIRCULAR,0.296,0.000,0.000,0.000,1, , 
CMB1223,CIRCULAR,0.296,0.000,0.000,0.000,1, , 
CMB1224,CIRCULAR,0.500,0.000,0.000,0.000,1, , 
CMB1225,CIRCULAR,0.500,0.000,0.000,0.000,1, , 
CMB1226,CIRCULAR,0.296,0.000,0.000,0.000,1, , 
CMB1227,CIRCULAR,0.296,0.000,0.000,0.000,1, , 
CMB1228,CIRCULAR,0.296,0.000,0.000,0.000,1, , 
CMB1229,CIRCULAR,0.300,0.000,0.000,0.000,1, , 
CMB1230,CIRCULAR,0.300,0.000,0.000,0.000,1, , 
CMB1231,CIRCULAR,0.400,0.000,0.000,0.000,1, , 
CMB1232,CIRCULAR,0.296,0.000,0.000,0.000,1, , 
CMB1233,CIRCULAR,0.296,0.000,0.000,0.000,1, , 
CMB1234,CIRCULAR,0.296,0.000,0.000,0.000,1, , 
CMB1235,CIRCULAR,0.296,0.000,0.000,0.000,1, , 
CMB1236,CIRCULAR,0.297,0.000,0.000,0.000,1, , 
CMB1237,CIRCULAR,0.400,0.000,0.000,0.000,1, , 
CMB1238,CIRCULAR,0.400,0.000,0.000,0.000,1, , 
CMB1239,CIRCULAR,0.296,0.000,0.000,0.000,1, , 
CMB1240,CIRCULAR,0.400,0.000,0.000,0.000,1, , 
CMB1241,CIRCULAR,0.400,0.000,0.000,0.000,1, , 
CMB1242,CIRCULAR,0.400,0.000,0.000,0.000,1, , 
CMB1243,CIRCULAR,0.400,0.000,0.000,0.000,1, , 
CMB1244,CIRCULAR,0.400,0.000,0.000,0.000,1, , 
CMB1245,CIRCULAR,0.400,0.000,0.000,0.000,1, , 
CMB1246,CIRCULAR,0.400,0.000,0.000,0.000,1, , 
CMB1247,CIRCULAR,0.400,0.000,0.000,0.000,1, , 
CMB1248,CIRCULAR,0.400,0.000,0.000,0.000,1, , 
CMB1249,CIRCULAR,0.400,0.000,0.000,0.000,1, , 
CMB1250,CIRCULAR,0.300,0.000,0.000,0.000,1, , 
CMB1251,CIRCULAR,0.300,0.000,0.000,0.000,1, , 
CMB1252,CIRCULAR,0.300,0.000,0.000,0.000,1, , 
CMB1253,CIRCULAR,0.300,0.000,0.000,0.000,1, , 
CMB1254,CIRCULAR,0.300,0.000,0.000,0.000,1, , 
CMB1255,CIRCULAR,0.296,0.000,0.000,0.000,1, , 
CMB1256,CIRCULAR,0.500,0.000,0.000,0.000,1, , 
CMB1257,CIRCULAR,0.500,0.000,0.000,0.000,1, , 
CMB1258,CIRCULAR,0.300,0.000,0.000,0.000,1, , 
CMB1259,CIRCULAR,0.300,0.000,0.000,0.000,1, , 
CMB1260,CIRCULAR,0.500,0.000,0.000,0.000,1, , 
CMB1261,CIRCULAR,0.300,0.000,0.000,0.000,1, , 
CMB1262,CIRCULAR,0.400,0.000,0.000,0.000,1, , 
CMB1263,CIRCULAR,0.400,0.000,0.000,0.000,1, , 
CMB1264,CIRCULAR,0.400,0.000,0.000,0.000,1, , 
CMB1265,CIRCULAR,0.400,0.000,0.000,0.000,1, , 
CMB1266,CIRCULAR,0.400,0.000,0.000,0.000,1, , 
CMB1267,CIRCULAR,0.400,0.000,0.000,0.000,1, , 
CMB1268,CIRCULAR,0.297,0.000,0.000,0.000,1, , 
CMB1269,CIRCULAR,0.400,0.000,0.000,0.000,1, , 
CMB1270,CIRCULAR,0.400,0.000,0.000,0.000,1, , 
CMB1271,CIRCULAR,0.400,0.000,0.000,0.000,1, , 
CMB1272,CIRCULAR,0.400,0.000,0.000,0.000,1, , 
CMB1273,CIRCULAR,0.400,0.000,0.000,0.000,1, , 
CMB1274,CIRCULAR,0.400,0.000,0.000,0.000,1, , 
CMB1275,CIRCULAR,0.400,0.000,0.000,0.000,1, , 
CMB1276,CIRCULAR,0.400,0.000,0.000,0.000,1, , 
CMB1277,CIRCULAR,0.297,0.000,0.000,0.000,1, , 
CMB1278,CIRCULAR,0.297,0.000,0.000,0.000,1, , 
CMB1279,CIRCULAR,0.297,0.000,0.000,0.000,1, , 
CMB1280,CIRCULAR,0.297,0.000,0.000,0.000,1, , 
CMB1281,CIRCULAR,0.297,0.000,0.000,0.000,1, , 
CMB1282,CIRCULAR,0.297,0.000,0.000,0.000,1, , 
TRR1283,CIRCULAR,1.000,0.000,0.000,0.000,1, , 
TRR1284,CIRCULAR,1.000,0.000,0.000,0.000,1, , 
TRR1285,CIRCULAR,1.000,0.000,0.000,0.000,1, , 
TRR1286,CIRCULAR,1.000,0.000,0.000,0.000,1, , 
TRR1287,CIRCULAR,1.000,0.000,0.000,0.000,1, , 
TRR1288,CIRCULAR,1.000,0.000,0.000,0.000,1, , 
TRR1289,CIRCULAR,0.700,0.000,0.000,0.000,1, , 
TRR1290,CIRCULAR,1.000,0.000,0.000,0.000,1, , 
TRR1291,CIRCULAR,0.700,0.000,0.000,0.000,1, , 
TRR1292,CIRCULAR,0.700,0.000,0.000,0.000,1, , 
TRR1293,CIRCULAR,1.000,0.000,0.000,0.000,1, , 
TRR1294,CIRCULAR,1.000,0.000,0.000,0.000,1, , 
CMB1295,CIRCULAR,0.300,0.000,0.000,0.000,1, , 
CMB1296,CIRCULAR,0.300,0.000,0.000,0.000,1, , 
CMB1297,CIRCULAR,0.500,0.000,0.000,0.000,1, , 
CMB1298,CIRCULAR,0.297,0.000,0.000,0.000,1, , 
CMB1299,CIRCULAR,0.400,0.000,0.000,0.000,1, , 
CMB1300,CIRCULAR,0.400,0.000,0.000,0.000,1, , 
CMB1301,CIRCULAR,0.400,0.000,0.000,0.000,1, , 
CMB1302,CIRCULAR,0.297,0.000,0.000,0.000,1, , 
CMB1303,CIRCULAR,0.297,0.000,0.000,0.000,1, , 
CMB1304,CIRCULAR,0.297,0.000,0.000,0.000,1, , 
CMB1305,CIRCULAR,0.300,0.000,0.000,0.000,1, , 
CMB1306,CIRCULAR,0.297,0.000,0.000,0.000,1, , 
CMB1307,CIRCULAR,0.300,0.000,0.000,0.000,1, , 
CMB1308,CIRCULAR,0.300,0.000,0.000,0.000,1, , 
CMB1309,CIRCULAR,0.297,0.000,0.000,0.000,1, , 
CMB1310,CIRCULAR,0.300,0.000,0.000,0.000,1, , 
CMB1311,CIRCULAR,0.300,0.000,0.000,0.000,1, , 
CMB1312,CIRCULAR,0.300,0.000,0.000,0.000,1, , 
CMB1313,CIRCULAR,0.300,0.000,0.000,0.000,1, , 
CMB1314,CIRCULAR,0.300,0.000,0.000,0.000,1, , 
CMB1315,CIRCULAR,0.300,0.000,0.000,0.000,1, , 
CMB1316,CIRCULAR,0.300,0.000,0.000,0.000,1, , 
CMB1317,CIRCULAR,0.500,0.000,0.000,0.000,1, , 
CMB1318,CIRCULAR,0.500,0.000,0.000,0.000,1, , 
CMB1319,CIRCULAR,0.500,0.000,0.000,0.000,1, , 
CMB1320,CIRCULAR,0.297,0.000,0.000,0.000,1, , 
CMB1321,CIRCULAR,0.500,0.000,0.000,0.000,1, , 
CMB1322,CIRCULAR,0.500,0.000,0.000,0.000,1, , 
CMB1323,CIRCULAR,0.297,0.000,0.000,0.000,1, , 
CMB1324,CIRCULAR,0.297,0.000,0.000,0.000,1, , 
CMB1325,CIRCULAR,0.297,0.000,0.000,0.000,1, , 
CMB1326,CIRCULAR,0.297,0.000,0.000,0.000,1, , 
CMB1327,CIRCULAR,0.297,0.000,0.000,0.000,1, , 
CMB1328,CIRCULAR,0.297,0.000,0.000,0.000,1, , 
CMB1329,CIRCULAR,0.400,0.000,0.000,0.000,1, , 
CMB1330,CIRCULAR,0.297,0.000,0.000,0.000,1, , 
CMB1331,CIRCULAR,0.400,0.000,0.000,0.000,1, , 
CMB1332,CIRCULAR,0.400,0.000,0.000,0.000,1, , 
CMB1333,CIRCULAR,0.400,0.000,0.000,0.000,1, , 
CMB1334,CIRCULAR,0.375,0.000,0.000,0.000,1, , 
CMB1335,CIRCULAR,0.400,0.000,0.000,0.000,1, , 
CMB1336,CIRCULAR,0.400,0.000,0.000,0.000,1, , 
CMB1337,CIRCULAR,0.400,0.000,0.000,0.000,1, , 
CMB1338,CIRCULAR,0.297,0.000,0.000,0.000,1, , 
CMB1339,CIRCULAR,0.297,0.000,0.000,0.000,1, , 
CMB1340,CIRCULAR,0.297,0.000,0.000,0.000,1, , 
CMB1341,CIRCULAR,0.297,0.000,0.000,0.000,1, , 
CMB1342,CIRCULAR,0.297,0.000,0.000,0.000,1, , 
CMB1343,CIRCULAR,0.297,0.000,0.000,0.000,1, , 
CMB1344,CIRCULAR,0.297,0.000,0.000,0.000,1, , 
CMB1345,CIRCULAR,0.400,0.000,0.000,0.000,1, , 
CMB1346,CIRCULAR,0.500,0.000,0.000,0.000,1, , 
CMB1347,CIRCULAR,0.400,0.000,0.000,0.000,1, , 
CMB1348,CIRCULAR,0.400,0.000,0.000,0.000,1, , 
CMB1349,CIRCULAR,0.400,0.000,0.000,0.000,1, , 
CMB1350,CIRCULAR,0.300,0.000,0.000,0.000,1, , 
CMB1351,CIRCULAR,0.400,0.000,0.000,0.000,1, , 
CMB1352,CIRCULAR,0.400,0.000,0.000,0.000,1, , 
CMB1353,CIRCULAR,0.400,0.000,0.000,0.000,1, , 
CMB1354,CIRCULAR,0.400,0.000,0.000,0.000,1, , 
CMB1355,CIRCULAR,0.400,0.000,0.000,0.000,1, , 
CMB1356,CIRCULAR,0.400,0.000,0.000,0.000,1, , 
CMB1357,CIRCULAR,0.400,0.000,0.000,0.000,1, , 
CMB1358,CIRCULAR,0.400,0.000,0.000,0.000,1, , 
CMB1359,CIRCULAR,0.400,0.000,0.000,0.000,1, , 
CMB1360,CIRCULAR,0.400,0.000,0.000,0.000,1, , 
CMB1361,CIRCULAR,0.400,0.000,0.000,0.000,1, , 
CMB1362,CIRCULAR,0.400,0.000,0.000,0.000,1, , 
CMB1363,CIRCULAR,0.400,0.000,0.000,0.000,1, , 
CMB1364,CIRCULAR,0.400,0.000,0.000,0.000,1, , 
CMB1365,CIRCULAR,0.400,0.000,0.000,0.000,1, , 
CMB1366,CIRCULAR,0.400,0.000,0.000,0.000,1, , 
CMB1367,CIRCULAR,0.297,0.000,0.000,0.000,1, , 
CMB1368,CIRCULAR,0.297,0.000,0.000,0.000,1, , 
CMB1369,CIRCULAR,0.500,0.000,0.000,0.000,1, , 
CMB1370,CIRCULAR,0.500,0.000,0.000,0.000,1, , 
CMB1371,CIRCULAR,0.500,0.000,0.000,0.000,1, , 
CMB1372,CIRCULAR,0.500,0.000,0.000,0.000,1, , 
CMB1373,CIRCULAR,0.500,0.000,0.000,0.000,1, , 
CMB1374,CIRCULAR,0.500,0.000,0.000,0.000,1, , 
CMB1375,CIRCULAR,0.400,0.000,0.000,0.000,1, , 
CMB1376,CIRCULAR,0.400,0.000,0.000,0.000,1, , 
CMB1377,CIRCULAR,0.400,0.000,0.000,0.000,1, , 
CMB1378,CIRCULAR,0.400,0.000,0.000,0.000,1, , 
CMB1379,CIRCULAR,0.400,0.000,0.000,0.000,1, , 
CMB1380,CIRCULAR,0.400,0.000,0.000,0.000,1, , 
CMB1381,CIRCULAR,0.400,0.000,0.000,0.000,1, , 
CMB1382,CIRCULAR,0.400,0.000,0.000,0.000,1, , 
CMB1383,CIRCULAR,0.400,0.000,0.000,0.000,1, , 
CMB1384,CIRCULAR,0.400,0.000,0.000,0.000,1, , 
CMB1385,CIRCULAR,0.400,0.000,0.000,0.000,1, , 
CMB1386,CIRCULAR,0.400,0.000,0.000,0.000,1, , 
CMB1387,CIRCULAR,0.500,0.000,0.000,0.000,1, , 
CMB1388,CIRCULAR,0.500,0.000,0.000,0.000,1, , 
CMB1389,CIRCULAR,0.500,0.000,0.000,0.000,1, , 
CMB1390,CIRCULAR,0.500,0.000,0.000,0.000,1, , 
CMB1391,CIRCULAR,0.500,0.000,0.000,0.000,1, , 
CMB1392,CIRCULAR,0.500,0.000,0.000,0.000,1, , 
CMB1393,CIRCULAR,0.470,0.000,0.000,0.000,1, , 
CMB1394,CIRCULAR,0.500,0.000,0.000,0.000,1, , 
CMB1395,CIRCULAR,0.500,0.000,0.000,0.000,1, , 
CMB1396,CIRCULAR,0.500,0.000,0.000,0.000,1, , 
CMB1397,CIRCULAR,0.400,0.000,0.000,0.000,1, , 
CMB1398,CIRCULAR,0.400,0.000,0.000,0.000,1, , 
CMB1399,CIRCULAR,0.400,0.000,0.000,0.000,1, , 
CMB1400,CIRCULAR,0.400,0.000,0.000,0.000,1, , 
CMB1401,CIRCULAR,0.400,0.000,0.000,0.000,1, , 
CMB1402,CIRCULAR,0.400,0.000,0.000,0.000,1, , 
CMB1403,CIRCULAR,0.400,0.000,0.000,0.000,1, , 
CMB1404,CIRCULAR,0.400,0.000,0.000,0.000,1, , 
CMB1405,CIRCULAR,0.400,0.000,0.000,0.000,1, , 
CMB1406,CIRCULAR,0.400,0.000,0.000,0.000,1, , 
CMB1407,CIRCULAR,0.400,0.000,0.000,0.000,1, , 
CMB1408,CIRCULAR,0.400,0.000,0.000,0.000,1, , 
CMB1409,CIRCULAR,0.400,0.000,0.000,0.000,1, , 
CMB1410,CIRCULAR,0.400,0.000,0.000,0.000,1, , 
CMB1411,CIRCULAR,0.400,0.000,0.000,0.000,1, , 
CMB1412,CIRCULAR,0.400,0.000,0.000,0.000,1, , 
CMB1413,CIRCULAR,0.400,0.000,0.000,0.000,1, , 
CMB1414,CIRCULAR,0.297,0.000,0.000,0.000,1, , 
CMB1415,CIRCULAR,0.297,0.000,0.000,0.000,1, , 
CMB1416,CIRCULAR,0.297,0.000,0.000,0.000,1, , 
CMB1417,CIRCULAR,0.297,0.000,0.000,0.000,1, , 
CMB1418,CIRCULAR,0.297,0.000,0.000,0.000,1, , 
CMB1419,CIRCULAR,0.297,0.000,0.000,0.000,1, , 
CMB1420,CIRCULAR,0.400,0.000,0.000,0.000,1, , 
CMB1421,CIRCULAR,0.400,0.000,0.000,0.000,1, , 
CMB1422,CIRCULAR,0.400,0.000,0.000,0.000,1, , 
CMB1423,CIRCULAR,0.400,0.000,0.000,0.000,1, , 
CMB1424,CIRCULAR,0.400,0.000,0.000,0.000,1, , 
CMB1425,CIRCULAR,0.400,0.000,0.000,0.000,1, , 
CMB1426,CIRCULAR,0.400,0.000,0.000,0.000,1, , 
CMB1427,CIRCULAR,0.400,0.000,0.000,0.000,1, , 
CMB1428,CIRCULAR,0.470,0.000,0.000,0.000,1, , 
CMB1429,CIRCULAR,0.400,0.000,0.000,0.000,1, , 
CMB1430,CIRCULAR,0.500,0.000,0.000,0.000,1, , 
CMB1431,CIRCULAR,0.500,0.000,0.000,0.000,1, , 
CMB1432,CIRCULAR,0.500,0.000,0.000,0.000,1, , 
CMB1433,CIRCULAR,0.500,0.000,0.000,0.000,1, , 
CMB1434,CIRCULAR,0.400,0.000,0.000,0.000,1, , 
CMB1435,CIRCULAR,0.500,0.000,0.000,0.000,1, , 
CMB1436,CIRCULAR,0.500,0.000,0.000,0.000,1, , 
CMB1437,CIRCULAR,0.500,0.000,0.000,0.000,1, , 
CMB1438,CIRCULAR,0.500,0.000,0.000,0.000,1, , 
CMB1439,CIRCULAR,0.400,0.000,0.000,0.000,1, , 
CMB1440,CIRCULAR,0.400,0.000,0.000,0.000,1, , 
CMB1441,CIRCULAR,0.400,0.000,0.000,0.000,1, , 
CMB1442,CIRCULAR,0.400,0.000,0.000,0.000,1, , 
CMB1443,CIRCULAR,0.300,0.000,0.000,0.000,1, , 
CMB1444,CIRCULAR,0.400,0.000,0.000,0.000,1, , 
CMB1445,CIRCULAR,0.296,0.000,0.000,0.000,1, , 
CMB1446,CIRCULAR,0.400,0.000,0.000,0.000,1, , 
CMB1447,CIRCULAR,0.296,0.000,0.000,0.000,1, , 
CMB1448,CIRCULAR,0.296,0.000,0.000,0.000,1, , 
CMB1449,CIRCULAR,0.400,0.000,0.000,0.000,1, , 
CMB1450,CIRCULAR,0.400,0.000,0.000,0.000,1, , 
CMB1451,CIRCULAR,0.400,0.000,0.000,0.000,1, , 
CMB1452,CIRCULAR,0.400,0.000,0.000,0.000,1, , 
CMB1453,CIRCULAR,0.400,0.000,0.000,0.000,1, , 
CMB1454,CIRCULAR,0.300,0.000,0.000,0.000,1, , 
CMB1455,CIRCULAR,0.375,0.000,0.000,0.000,1, , 
CMB1456,CIRCULAR,0.375,0.000,0.000,0.000,1, , 
CMB1457,CIRCULAR,0.375,0.000,0.000,0.000,1, , 
CMB1458,CIRCULAR,0.375,0.000,0.000,0.000,1, , 
CMB1459,CIRCULAR,0.500,0.000,0.000,0.000,1, , 
CMB1460,CIRCULAR,0.500,0.000,0.000,0.000,1, , 
CMB1461,CIRCULAR,0.400,0.000,0.000,0.000,1, , 
CMB1462,CIRCULAR,0.500,0.000,0.000,0.000,1, , 
CMB1463,CIRCULAR,0.500,0.000,0.000,0.000,1, , 
CMB1464,CIRCULAR,0.500,0.000,0.000,0.000,1, , 
CMB1465,CIRCULAR,0.400,0.000,0.000,0.000,1, , 
CMB1466,CIRCULAR,0.400,0.000,0.000,0.000,1, , 
CMB1467,CIRCULAR,0.400,0.000,0.000,0.000,1, , 
CMB1468,CIRCULAR,0.400,0.000,0.000,0.000,1, , 
CMB1469,CIRCULAR,0.400,0.000,0.000,0.000,1, , 
CMB1470,CIRCULAR,0.400,0.000,0.000,0.000,1, , 
CMB1471,CIRCULAR,0.400,0.000,0.000,0.000,1, , 
CMB1472,CIRCULAR,0.400,0.000,0.000,0.000,1, , 
CMB1473,CIRCULAR,0.400,0.000,0.000,0.000,1, , 
CMB1474,CIRCULAR,0.400,0.000,0.000,0.000,1, , 
CMB1475,CIRCULAR,0.400,0.000,0.000,0.000,1, , 
CMB1476,CIRCULAR,0.400,0.000,0.000,0.000,1, , 
CMB1477,CIRCULAR,0.400,0.000,0.000,0.000,1, , 
CMB1478,CIRCULAR,0.400,0.000,0.000,0.000,1, , 
CMB1479,CIRCULAR,0.400,0.000,0.000,0.000,1, , 
CMB1480,CIRCULAR,0.400,0.000,0.000,0.000,1, , 
CMB1481,CIRCULAR,0.297,0.000,0.000,0.000,1, , 
CMB1482,CIRCULAR,0.297,0.000,0.000,0.000,1, , 
CMB1483,CIRCULAR,0.297,0.000,0.000,0.000,1, , 
CMB1484,CIRCULAR,0.297,0.000,0.000,0.000,1, , 
CMB1485,CIRCULAR,0.375,0.000,0.000,0.000,1, , 
CMB1486,CIRCULAR,0.297,0.000,0.000,0.000,1, , 
CMB1487,CIRCULAR,0.297,0.000,0.000,0.000,1, , 
CMB1488,CIRCULAR,0.297,0.000,0.000,0.000,1, , 
CMB1489,CIRCULAR,0.297,0.000,0.000,0.000,1, , 
CMB1490,CIRCULAR,0.297,0.000,0.000,0.000,1, , 
CMB1491,CIRCULAR,0.297,0.000,0.000,0.000,1, , 
CMB1492,CIRCULAR,0.297,0.000,0.000,0.000,1, , 
CMB1493,CIRCULAR,0.297,0.000,0.000,0.000,1, , 
CMB1494,CIRCULAR,0.297,0.000,0.000,0.000,1, , 
CMB1495,CIRCULAR,0.375,0.000,0.000,0.000,1, , 
CMB1496,CIRCULAR,0.297,0.000,0.000,0.000,1, , 
CMB1497,CIRCULAR,0.400,0.000,0.000,0.000,1, , 
CMB1498,CIRCULAR,0.400,0.000,0.000,0.000,1, , 
CMB1499,CIRCULAR,0.400,0.000,0.000,0.000,1, , 
CMB1500,CIRCULAR,0.400,0.000,0.000,0.000,1, , 
CMB1501,CIRCULAR,0.400,0.000,0.000,0.000,1, , 
CMB1502,CIRCULAR,0.400,0.000,0.000,0.000,1, , 
CMB1503,CIRCULAR,0.400,0.000,0.000,0.000,1, , 
CMB1504,CIRCULAR,0.400,0.000,0.000,0.000,1, , 
CMB1505,CIRCULAR,0.400,0.000,0.000,0.000,1, , 
CMB1506,CIRCULAR,0.400,0.000,0.000,0.000,1, , 
CMB1507,CIRCULAR,0.400,0.000,0.000,0.000,1, , 
CMB1508,CIRCULAR,0.400,0.000,0.000,0.000,1, , 
CMB1509,CIRCULAR,0.400,0.000,0.000,0.000,1, , 
CMB1510,CIRCULAR,0.400,0.000,0.000,0.000,1, , 
CMB1511,CIRCULAR,0.400,0.000,0.000,0.000,1, , 
CMB1512,CIRCULAR,0.400,0.000,0.000,0.000,1, , 
CMB1513,CIRCULAR,0.400,0.000,0.000,0.000,1, , 
CMB1514,CIRCULAR,0.400,0.000,0.000,0.000,1, , 
CMB1515,CIRCULAR,0.400,0.000,0.000,0.000,1, , 
CMB1516,CIRCULAR,0.400,0.000,0.000,0.000,1, , 
CMB1517,CIRCULAR,0.400,0.000,0.000,0.000,1, , 
CMB1518,CIRCULAR,0.400,0.000,0.000,0.000,1, , 
CMB1519,CIRCULAR,0.400,0.000,0.000,0.000,1, , 
CMB1520,CIRCULAR,0.400,0.000,0.000,0.000,1, , 
CMB1521,CIRCULAR,0.400,0.000,0.000,0.000,1, , 
CMB1522,CIRCULAR,0.400,0.000,0.000,0.000,1, , 
CMB1523,CIRCULAR,0.400,0.000,0.000,0.000,1, , 
CMB1524,CIRCULAR,0.400,0.000,0.000,0.000,1, , 
CMB1525,CIRCULAR,0.400,0.000,0.000,0.000,1, , 
CMB1526,CIRCULAR,0.400,0.000,0.000,0.000,1, , 
CMB1527,CIRCULAR,0.296,0.000,0.000,0.000,1, , 
CMB1528,CIRCULAR,0.400,0.000,0.000,0.000,1, , 
CMB1529,CIRCULAR,0.400,0.000,0.000,0.000,1, , 
CMB1530,CIRCULAR,0.400,0.000,0.000,0.000,1, , 
CMB1531,CIRCULAR,0.400,0.000,0.000,0.000,1, , 
CMB1532,CIRCULAR,0.300,0.000,0.000,0.000,1, , 
CMB1533,CIRCULAR,0.300,0.000,0.000,0.000,1, , 
CMB1534,CIRCULAR,0.300,0.000,0.000,0.000,1, , 
CMB1535,CIRCULAR,0.400,0.000,0.000,0.000,1, , 
CMB1536,CIRCULAR,0.400,0.000,0.000,0.000,1, , 
CMB1537,CIRCULAR,0.400,0.000,0.000,0.000,1, , 
CMB1538,CIRCULAR,0.400,0.000,0.000,0.000,1, , 
CMB1539,CIRCULAR,0.400,0.000,0.000,0.000,1, , 
CMB1540,CIRCULAR,0.400,0.000,0.000,0.000,1, , 
CMB1541,CIRCULAR,0.400,0.000,0.000,0.000,1, , 
CMB1542,CIRCULAR,0.400,0.000,0.000,0.000,1, , 
CMB1543,CIRCULAR,0.400,0.000,0.000,0.000,1, , 
CMB1544,CIRCULAR,0.400,0.000,0.000,0.000,1, , 
CMB1545,CIRCULAR,0.400,0.000,0.000,0.000,1, , 
CMB1546,CIRCULAR,0.297,0.000,0.000,0.000,1, , 
CMB1547,CIRCULAR,0.400,0.000,0.000,0.000,1, , 
CMB1548,CIRCULAR,0.400,0.000,0.000,0.000,1, , 
CMB1549,CIRCULAR,0.400,0.000,0.000,0.000,1, , 
CMB1550,CIRCULAR,0.400,0.000,0.000,0.000,1, , 
CMB1551,CIRCULAR,0.400,0.000,0.000,0.000,1, , 
CMB1552,CIRCULAR,0.400,0.000,0.000,0.000,1, , 
CMB1553,CIRCULAR,0.400,0.000,0.000,0.000,1, , 
CMB1554,CIRCULAR,0.297,0.000,0.000,0.000,1, , 
CMB1555,CIRCULAR,0.466,0.000,0.000,0.000,1, , 
CMB1556,CIRCULAR,0.297,0.000,0.000,0.000,1, , 
CMB1557,CIRCULAR,0.500,0.000,0.000,0.000,1, , 
CMB1558,CIRCULAR,0.500,0.000,0.000,0.000,1, , 
CMB1559,CIRCULAR,0.470,0.000,0.000,0.000,1, , 
CMB1560,CIRCULAR,0.297,0.000,0.000,0.000,1, , 
CMB1561,CIRCULAR,0.297,0.000,0.000,0.000,1, , 
CMB1562,CIRCULAR,0.297,0.000,0.000,0.000,1, , 
CMB1563,CIRCULAR,0.297,0.000,0.000,0.000,1, , 
CMB1564,CIRCULAR,0.297,0.000,0.000,0.000,1, , 
CMB1565,CIRCULAR,0.375,0.000,0.000,0.000,1, , 
CMB1566,CIRCULAR,0.400,0.000,0.000,0.000,1, , 
CMB1567,CIRCULAR,0.400,0.000,0.000,0.000,1, , 
CMB1568,CIRCULAR,0.400,0.000,0.000,0.000,1, , 
CMB1569,CIRCULAR,0.400,0.000,0.000,0.000,1, , 
CMB1570,CIRCULAR,0.400,0.000,0.000,0.000,1, , 
CMB1571,CIRCULAR,0.400,0.000,0.000,0.000,1, , 
CMB1572,CIRCULAR,0.400,0.000,0.000,0.000,1, , 
TRR1573,EGG,0.945,0.000,0.000,0.000,1, , 
TRR1574,EGG,0.945,0.000,0.000,0.000,1, , 
TRR1575,CIRCULAR,0.700,0.000,0.000,0.000,1, , 
TRR1576,CIRCULAR,0.700,0.000,0.000,0.000,1, , 
TRR1577,CIRCULAR,0.700,0.000,0.000,0.000,1, , 
TRR1578,CIRCULAR,1.000,0.000,0.000,0.000,1, , 
TRR1579,CIRCULAR,1.000,0.000,0.000,0.000,1, , 
TRR1580,CIRCULAR,1.000,0.000,0.000,0.000,1, , 
TRR1581,CIRCULAR,1.000,0.000,0.000,0.000,1, , 
TRR1582,CIRCULAR,1.000,0.000,0.000,0.000,1, , 
CMB1583,CIRCULAR,0.375,0.000,0.000,0.000,1, , 
CMB1584,CIRCULAR,0.375,0.000,0.000,0.000,1, , 
CMB1585,CIRCULAR,0.375,0.000,0.000,0.000,1, , 
CMB1586,CIRCULAR,0.375,0.000,0.000,0.000,1, , 
CMB1587,CIRCULAR,0.375,0.000,0.000,0.000,1, , 
CMB1588,CIRCULAR,0.375,0.000,0.000,0.000,1, , 
CMB1589,CIRCULAR,0.375,0.000,0.000,0.000,1, , 
CMB1590,CIRCULAR,0.375,0.000,0.000,0.000,1, , 
CMB1591,CIRCULAR,0.375,0.000,0.000,0.000,1, , 
CMB1592,CIRCULAR,0.375,0.000,0.000,0.000,1, , 
CMB1593,CIRCULAR,0.375,0.000,0.000,0.000,1, , 
CMB1594,CIRCULAR,0.375,0.000,0.000,0.000,1, , 
CMB1595,CIRCULAR,0.375,0.000,0.000,0.000,1, , 
CMB1596,CIRCULAR,0.376,0.000,0.000,0.000,1, , 
CMB1597,CIRCULAR,0.300,0.000,0.000,0.000,1, , 
CMB1598,CIRCULAR,0.300,0.000,0.000,0.000,1, , 
CMB1599,CIRCULAR,0.400,0.000,0.000,0.000,1, , 
CMB1600,CIRCULAR,0.375,0.000,0.000,0.000,1, , 
CMB1601,CIRCULAR,0.296,0.000,0.000,0.000,1, , 
CMB1602,CIRCULAR,0.376,0.000,0.000,0.000,1, , 
CMB1603,CIRCULAR,0.296,0.000,0.000,0.000,1, , 
CMB1604,CIRCULAR,0.297,0.000,0.000,0.000,1, , 
CMB1605,CIRCULAR,0.296,0.000,0.000,0.000,1, , 
CMB1606,CIRCULAR,0.296,0.000,0.000,0.000,1, , 
CMB1607,CIRCULAR,0.296,0.000,0.000,0.000,1, , 
CMB1608,CIRCULAR,0.296,0.000,0.000,0.000,1, , 
CMB1609,CIRCULAR,0.297,0.000,0.000,0.000,1, , 
CMB1610,CIRCULAR,0.297,0.000,0.000,0.000,1, , 
CMB1611,CIRCULAR,0.297,0.000,0.000,0.000,1, , 
CMB1612,CIRCULAR,0.297,0.000,0.000,0.000,1, , 
CMB1613,CIRCULAR,0.297,0.000,0.000,0.000,1, , 
CMB1614,CIRCULAR,0.297,0.000,0.000,0.000,1, , 
CMB1615,CIRCULAR,0.297,0.000,0.000,0.000,1, , 
CMB1616,CIRCULAR,0.297,0.000,0.000,0.000,1, , 
CMB1617,CIRCULAR,0.296,0.000,0.000,0.000,1, , 
CMB1618,CIRCULAR,0.297,0.000,0.000,0.000,1, , 
CMB1619,CIRCULAR,0.297,0.000,0.000,0.000,1, , 
CMB1620,CIRCULAR,0.297,0.000,0.000,0.000,1, , 
CMB1621,CIRCULAR,0.297,0.000,0.000,0.000,1, , 
CMB1622,CIRCULAR,0.297,0.000,0.000,0.000,1, , 
CMB1623,CIRCULAR,0.297,0.000,0.000,0.000,1, , 
CMB1624,CIRCULAR,0.297,0.000,0.000,0.000,1, , 
CMB1625,CIRCULAR,0.470,0.000,0.000,0.000,1, , 
CMB1626,CIRCULAR,0.375,0.000,0.000,0.000,1, , 
CMB1627,CIRCULAR,0.297,0.000,0.000,0.000,1, , 
CMB1628,CIRCULAR,0.297,0.000,0.000,0.000,1, , 
CMB1629,CIRCULAR,0.297,0.000,0.000,0.000,1, , 
CMB1630,CIRCULAR,0.297,0.000,0.000,0.000,1, , 
CMB1631,CIRCULAR,0.297,0.000,0.000,0.000,1, , 
CMB1632,CIRCULAR,0.400,0.000,0.000,0.000,1, , 
CMB1633,CIRCULAR,0.400,0.000,0.000,0.000,1, , 
CMB1634,CIRCULAR,0.400,0.000,0.000,0.000,1, , 
CMB1635,CIRCULAR,0.400,0.000,0.000,0.000,1, , 
CMB1636,CIRCULAR,0.297,0.000,0.000,0.000,1, , 
CMB1637,CIRCULAR,0.297,0.000,0.000,0.000,1, , 
CMB1638,CIRCULAR,0.297,0.000,0.000,0.000,1, , 
CMB1639,CIRCULAR,0.375,0.000,0.000,0.000,1, , 
CMB1640,CIRCULAR,0.297,0.000,0.000,0.000,1, , 
CMB1641,CIRCULAR,0.297,0.000,0.000,0.000,1, , 
CMB1642,CIRCULAR,0.297,0.000,0.000,0.000,1, , 
CMB1643,CIRCULAR,0.297,0.000,0.000,0.000,1, , 
CMB1644,CIRCULAR,0.297,0.000,0.000,0.000,1, , 
CMB1645,CIRCULAR,0.297,0.000,0.000,0.000,1, , 
CMB1646,CIRCULAR,0.297,0.000,0.000,0.000,1, , 
CMB1647,CIRCULAR,0.297,0.000,0.000,0.000,1, , 
CMB1648,CIRCULAR,0.297,0.000,0.000,0.000,1, , 
CMB1649,CIRCULAR,0.297,0.000,0.000,0.000,1, , 
CMB1650,CIRCULAR,0.297,0.000,0.000,0.000,1, , 
CMB1651,CIRCULAR,0.297,0.000,0.000,0.000,1, , 
CMB1652,CIRCULAR,0.470,0.000,0.000,0.000,1, , 
CMB1653,CIRCULAR,0.470,0.000,0.000,0.000,1, , 
CMB1654,CIRCULAR,0.470,0.000,0.000,0.000,1, , 
CMB1655,CIRCULAR,0.470,0.000,0.000,0.000,1, , 
CMB1656,CIRCULAR,0.470,0.000,0.000,0.000,1, , 
CMB1657,CIRCULAR,0.470,0.000,0.000,0.000,1, , 
CMB1658,CIRCULAR,0.300,0.000,0.000,0.000,1, , 
CMB1659,CIRCULAR,0.375,0.000,0.000,0.000,1, , 
CMB1660,CIRCULAR,0.400,0.000,0.000,0.000,1, , 
CMB1661,CIRCULAR,0.300,0.000,0.000,0.000,1, , 
CMB1662,CIRCULAR,0.300,0.000,0.000,0.000,1, , 
CMB1663,CIRCULAR,0.300,0.000,0.000,0.000,1, , 
CMB1664,CIRCULAR,0.300,0.000,0.000,0.000,1, , 
CMB1665,CIRCULAR,0.300,0.000,0.000,0.000,1, , 
CMB1666,CIRCULAR,0.300,0.000,0.000,0.000,1, , 
CMB1667,CIRCULAR,0.300,0.000,0.000,0.000,1, , 
CMB1668,CIRCULAR,0.300,0.000,0.000,0.000,1, , 
CMB1669,CIRCULAR,0.300,0.000,0.000,0.000,1, , 
CMB1670,CIRCULAR,0.300,0.000,0.000,0.000,1, , 
CMB1671,CIRCULAR,0.470,0.000,0.000,0.000,1, , 
CMB1672,CIRCULAR,0.593,0.000,0.000,0.000,1, , 
CMB1673,CIRCULAR,0.470,0.000,0.000,0.000,1, , 
CMB1674,CIRCULAR,0.470,0.000,0.000,0.000,1, , 
CMB1675,CIRCULAR,0.400,0.000,0.000,0.000,1, , 
CMB1676,CIRCULAR,0.400,0.000,0.000,0.000,1, , 
CMB1677,CIRCULAR,0.375,0.000,0.000,0.000,1, , 
CMB1678,CIRCULAR,0.593,0.000,0.000,0.000,1, , 
CMB1679,CIRCULAR,0.297,0.000,0.000,0.000,1, , 
CMB1680,CIRCULAR,0.375,0.000,0.000,0.000,1, , 
CMB1681,CIRCULAR,0.375,0.000,0.000,0.000,1, , 
CMB1682,CIRCULAR,0.297,0.000,0.000,0.000,1, , 
CMB1683,CIRCULAR,0.375,0.000,0.000,0.000,1, , 
CMB1684,CIRCULAR,0.375,0.000,0.000,0.000,1, , 
CMB1685,CIRCULAR,0.375,0.000,0.000,0.000,1, , 
TRR1686,CIRCULAR,1.200,0.000,0.000,0.000,1, , 
TRR1687,CIRCULAR,1.200,0.000,0.000,0.000,1, , 
TRR1688,CIRCULAR,1.200,0.000,0.000,0.000,1, , 
TRR1689,CIRCULAR,1.200,0.000,0.000,0.000,1, , 
CMB1690,CIRCULAR,1.000,0.000,0.000,0.000,1, , 
CMB1691,CIRCULAR,1.000,0.000,0.000,0.000,1, , 
CMB1692,CIRCULAR,0.296,0.000,0.000,0.000,1, , 
CMB1693,CIRCULAR,0.296,0.000,0.000,0.000,1, , 
TRR1694,CIRCULAR,1.000,0.000,0.000,0.000,1, , 
TRR1695,CIRCULAR,1.000,0.000,0.000,0.000,1, , 
TRR1696,CIRCULAR,0.600,0.000,0.000,0.000,1, , 
TRR1697,CIRCULAR,0.600,0.000,0.000,0.000,1, , 
CMB1698,CIRCULAR,0.470,0.000,0.000,0.000,1, , 
CMB1699,CIRCULAR,0.470,0.000,0.000,0.000,1, , 
CMB1700,CIRCULAR,0.500,0.000,0.000,0.000,1, , 
CMB1701,CIRCULAR,0.500,0.000,0.000,0.000,1, , 
CMB1702,CIRCULAR,0.500,0.000,0.000,0.000,1, , 
CMB1703,CIRCULAR,0.500,0.000,0.000,0.000,1, , 
CMB1704,CIRCULAR,0.500,0.000,0.000,0.000,1, , 
CMB1705,CIRCULAR,0.500,0.000,0.000,0.000,1, , 
CMB1706,CIRCULAR,0.500,0.000,0.000,0.000,1, , 
CMB1707,CIRCULAR,0.500,0.000,0.000,0.000,1, , 
CMB1708,CIRCULAR,0.500,0.000,0.000,0.000,1, , 
CMB1709,CIRCULAR,0.500,0.000,0.000,0.000,1, , 
CMB1710,CIRCULAR,0.500,0.000,0.000,0.000,1, , 
CMB1711,CIRCULAR,0.500,0.000,0.000,0.000,1, , 
CMB1712,CIRCULAR,0.500,0.000,0.000,0.000,1, , 
CMB1713,CIRCULAR,0.500,0.000,0.000,0.000,1, , 
CMB1714,CIRCULAR,0.470,0.000,0.000,0.000,1, , 
CMB1715,CIRCULAR,0.470,0.000,0.000,0.000,1, , 
CMB1716,CIRCULAR,0.500,0.000,0.000,0.000,1, , 
CMB1717,CIRCULAR,0.500,0.000,0.000,0.000,1, , 
CMB1718,CIRCULAR,0.500,0.000,0.000,0.000,1, , 
CMB1719,CIRCULAR,0.500,0.000,0.000,0.000,1, , 
CMB1720,CIRCULAR,0.375,0.000,0.000,0.000,1, , 
CMB1721,CIRCULAR,0.375,0.000,0.000,0.000,1, , 
CMB1722,CIRCULAR,0.375,0.000,0.000,0.000,1, , 
CMB1723,CIRCULAR,0.375,0.000,0.000,0.000,1, , 
CMB1724,CIRCULAR,0.375,0.000,0.000,0.000,1, , 
CMB1725,CIRCULAR,0.375,0.000,0.000,0.000,1, , 
CMB1726,CIRCULAR,0.375,0.000,0.000,0.000,1, , 
CMB1727,CIRCULAR,0.375,0.000,0.000,0.000,1, , 
CMB1728,CIRCULAR,0.375,0.000,0.000,0.000,1, , 
CMB1729,CIRCULAR,0.375,0.000,0.000,0.000,1, , 
CMB1730,CIRCULAR,0.375,0.000,0.000,0.000,1, , 
CMB1731,CIRCULAR,0.375,0.000,0.000,0.000,1, , 
CMB1732,CIRCULAR,0.375,0.000,0.000,0.000,1, , 
CMB1733,CIRCULAR,0.375,0.000,0.000,0.000,1, , 
CMB1734,CIRCULAR,0.375,0.000,0.000,0.000,1, , 
CMB1735,CIRCULAR,0.375,0.000,0.000,0.000,1, , 
CMB1736,CIRCULAR,0.375,0.000,0.000,0.000,1, , 
CMB1737,CIRCULAR,0.375,0.000,0.000,0.000,1, , 
CMB1738,CIRCULAR,0.375,0.000,0.000,0.000,1, , 
CMB1739,CIRCULAR,0.375,0.000,0.000,0.000,1, , 
CMB1740,CIRCULAR,0.375,0.000,0.000,0.000,1, , 
CMB1741,CIRCULAR,0.375,0.000,0.000,0.000,1, , 
CMB1742,CIRCULAR,0.297,0.000,0.000,0.000,1, , 
CMB1743,CIRCULAR,0.470,0.000,0.000,0.000,1, , 
CMB1744,CIRCULAR,0.470,0.000,0.000,0.000,1, , 
CMB1745,CIRCULAR,0.470,0.000,0.000,0.000,1, , 
CMB1746,CIRCULAR,0.470,0.000,0.000,0.000,1, , 
CMB1747,CIRCULAR,0.470,0.000,0.000,0.000,1, , 
CMB1748,CIRCULAR,0.375,0.000,0.000,0.000,1, , 
CMB1749,CIRCULAR,0.375,0.000,0.000,0.000,1, , 
CMB1750,CIRCULAR,0.297,0.000,0.000,0.000,1, , 
CMB1751,CIRCULAR,0.297,0.000,0.000,0.000,1, , 
CMB1752,CIRCULAR,0.297,0.000,0.000,0.000,1, , 
CMB1753,CIRCULAR,0.297,0.000,0.000,0.000,1, , 
CMB1754,CIRCULAR,0.297,0.000,0.000,0.000,1, , 
CMB1755,CIRCULAR,0.297,0.000,0.000,0.000,1, , 
CMB1756,CIRCULAR,0.470,0.000,0.000,0.000,1, , 
CMB1757,CIRCULAR,0.470,0.000,0.000,0.000,1, , 
CMB1758,CIRCULAR,0.500,0.000,0.000,0.000,1, , 
CMB1759,CIRCULAR,0.500,0.000,0.000,0.000,1, , 
CMB1760,CIRCULAR,0.500,0.000,0.000,0.000,1, , 
CMB1761,CIRCULAR,0.500,0.000,0.000,0.000,1, , 
CMB1762,CIRCULAR,0.470,0.000,0.000,0.000,1, , 
CMB1763,CIRCULAR,0.470,0.000,0.000,0.000,1, , 
CMB1764,CIRCULAR,0.500,0.000,0.000,0.000,1, , 
CMB1765,CIRCULAR,0.500,0.000,0.000,0.000,1, , 
CMB1766,CIRCULAR,0.470,0.000,0.000,0.000,1, , 
CMB1767,CIRCULAR,0.470,0.000,0.000,0.000,1, , 
CMB1768,CIRCULAR,0.470,0.000,0.000,0.000,1, , 
CMB1769,CIRCULAR,0.470,0.000,0.000,0.000,1, , 
CMB1770,CIRCULAR,0.500,0.000,0.000,0.000,1, , 
CMB1771,CIRCULAR,0.500,0.000,0.000,0.000,1, , 
CMB1772,CIRCULAR,0.500,0.000,0.000,0.000,1, , 
CMB1773,CIRCULAR,0.500,0.000,0.000,0.000,1, , 
CMB1774,CIRCULAR,0.500,0.000,0.000,0.000,1, , 
CMB1775,CIRCULAR,0.500,0.000,0.000,0.000,1, , 
CMB1776,CIRCULAR,0.500,0.000,0.000,0.000,1, , 
CMB1777,CIRCULAR,0.470,0.000,0.000,0.000,1, , 
CMB1778,CIRCULAR,0.470,0.000,0.000,0.000,1, , 
CMB1779,CIRCULAR,0.297,0.000,0.000,0.000,1, , 
CMB1780,CIRCULAR,0.297,0.000,0.000,0.000,1, , 
CMB1781,CIRCULAR,0.470,0.000,0.000,0.000,1, , 
CMB1782,CIRCULAR,0.375,0.000,0.000,0.000,1, , 
CMB1783,CIRCULAR,0.375,0.000,0.000,0.000,1, , 
